{
    "name": "药水罐",
    "icon": "ars_nouveau:potion_jar",
    "category": "machines",
    "pages": [
        {
            "type": "text",
            "text": "一个最多能存储 100 份药水的罐子。要舀出其中的药水，可以对药水罐使用空玻璃瓶或者药水烧瓶。这种罐子也会被薇克精在进行药水自动合成时使用。潜行时对药水罐使用支配之杖可以锁定药水的种类。锁定种类后的药水罐只会从薇克精处接收同种药水。除此之外，药水罐还能被比较器测量。"
        },

		{
            "type":"crafting",
			"recipe":"ars_nouveau:potion_jar"
		}
    ]
}
