{
    "name": "仪式火盆",
    "icon": "ars_nouveau:ritual",
    "category": "machines",
    "pages": [
        {
            "type": "text",
            "text": "一种可用作装饰或进行仪式的火盆。要在火盆上点燃装饰性的火焰，只需对火盆施展光明法术。火焰的颜色会与法术的颜色相同。对火盆提供一个红石信号能停止当前仪式。关于进行仪式的详细信息，请参阅仪式的专门章节。"
        },
		{
            "type":"crafting",
			"recipe":"ars_nouveau:ritual"
		},{
            "type": "relations",
            "entries":["rituals/ritual_howto"]        
        }
    ]
}
