{
    "name": "抄写台",
    "icon": "ars_nouveau:scribes_table",
    "category": "machines",
    "pages": [
        {
            "type": "text",
            "text": "将法术复制到新的法术书是可能的，不管是为了备份还是为了分享。首先，在抄写台上放一本法术书。然后，潜行对抄写台使用另一本法术书。这样会把你手上法术书的法术复制到桌上那本法术书里。"
        },
		{
		"type":"text",
		"text":"你也可以把特定法术抄写到法术羊皮纸上。这些羊皮纸能教导你的魔法仆从如何施法。首先，在抄写台上放一张法术羊皮纸。然后，拿出你的法术书，将当前法术改成你想要的那个，就像准备用其施法一样。最后，潜行对抄写台使用法术书。你的羊皮纸现在会含有该法术。"
		},
		{
            "type":"crafting",
			"recipe":"ars_nouveau:spell_parchment",
			"recipe2":"ars_nouveau:scribes_table"
		}
    ]
}
