{
    "name": "折越传送门",
    "icon": "ars_nouveau:warp_scroll",
    "category": "machines",
    "pages": [
        {
            "type": "text",
            "text": "折越传送门，和折越卷轴一样，能向同一维度内任何位置进行单向传送。要建造折越传送门，先使用奥术砖或其变体建造一个下界传送门形状的门。在旁边放一个装满的魔力罐。然后，往框架里扔出一个写好位置的折越卷轴。如果附近有足够的魔力，传送门就会启动。"
        },
		{
		"type":"multiblock",
		"multiblock":{
			"mapping":{
				"B":"ars_nouveau:arcane_bricks",
				"P":"ars_nouveau:portal",
				"0":"ars_nouveau:portal"
			},
			"pattern":[
				[" BB "],
				["BPPB"],
				["B0PB"],
				["BPPB"],
				[" BB "]
			],
			"symmetrical": true
		},
		"text":"一个魔法传送门，能将玩家、生物、法术和物品传送到同一维度的任何位置。"
		},{
            "type": "relations",
            "entries":["items/warp_scroll"]        
        }
    ]
}
