{
  "name": "Anointments",
  "icon": "bloodmagic:melee_anointment",
  "category": "bloodmagic:alchemy_table",
  "extra_recipe_mappings":[["bloodmagic:slate_vial", 1]],
  "pages": [
    {
      "type": "text",
      "text": "$(item)Anointments$() are essentially $(item)potions$() for your tools, weapons, and even your $(l:bloodmagic:demon_will/explosive_charges)Charges$(). By right-clicking with the $(item)anointment$() in one hand, it will be applied to the item in your other hand, if possible. Not all anointments work on all equipment! $(br2)Unlike $(item)potions$(), $(item)anointments$() aren't timed; rather, they wear off a bit at a time as your tool or weapon is used."
    },
    {
      "type": "crafting_alchemy_table",
      "heading": "Slate-infused Vial",
      "recipe": "bloodmagic:alchemytable/slate_vial",
      "text": "A sturdy Vial that can contain otherwise uncontainable mixtures."
    }
  ]
}