{
  "name": "Body Builder",
  "icon": "minecraft:cooked_beef",
  "category": "bloodmagic:alchemy_array/living_equipment/armor_upgrades",
  "pages": [
    {
      "type": "text",
      "text": "Effect: Grants Knockback Resistance and bonus Health. Caps out at 100% Resistance and 10 half-hearts of health. $(br2)Trained by: Eating food. $(br2)Maximum level: 5"
    },
    {
      "type": "bloodmagic:living_armour_upgrade_table",
      "upgrade": "bloodmagic:knockback_resist"
    }
  ]
}