{
    "name": "魔源浆果丛",
    "icon": "ars_nouveau:mana_berry",
    "category": "resources",
    "pages": [
        {
            "type": "text",
            "text": "魔源浆果丛可以在针叶林群系和至高木森林群系找到，它们能产出魔源浆果。魔源浆果可用于制作魔力再生药水，也可直接食用。卡班克尔会自动收获成熟的魔源浆果丛，使其对早期的魔力凝聚器自动化很有用。"
        },
		{
            "type": "relations",
            "entries":["apparatus/carbuncle_charm"]        
        }
    ]
}
