{
  "name": "铁尖",
  "icon": "bloodmagic:bow_power_anointment",
  "category": "bloodmagic:alchemy_table/anointments",
  "extra_recipe_mappings":[["bloodmagic:bow_power_anointment", 0]],
  "pages": [
    {
      "type": "crafting_alchemy_table",
      "heading": "铁尖",
      "recipe": "bloodmagic:alchemytable/bow_power_anointment",
      "text": "提升 25% 你发射的箭矢的伤害，并且效果能与原版附魔叠加。$(br2)有效工具：弓、弩。$(br2)施加：劲射 I（256 发）"
    }
  ]
}