{
  "name": "矿工之秘",
  "icon": "bloodmagic:hidden_knowledge_anointment",
  "category": "bloodmagic:alchemy_table/anointments",
  "extra_recipe_mappings":[["bloodmagic:hidden_knowledge_anointment", 0]],
  "pages": [
    {
      "type": "crafting_alchemy_table",
      "heading": "矿工之秘",
      "recipe": "bloodmagic:alchemytable/hidden_knowledge_anointment",
      "text": "成功挖掘方块会掉落经验球。每个方块 +2 经验值。$(br2有效物品：工具、剑、Charges。$(br2)施加：矿工之秘 I（256 个方块）"
    }
  ]
}