{
  "name": "圣水",
  "icon": "bloodmagic:holy_water_anointment",
  "category": "bloodmagic:alchemy_table/anointments",
  "extra_recipe_mappings":[["bloodmagic:holy_water_anointment", 0]],
  "pages": [
    {
      "type": "crafting_alchemy_table",
      "heading": "圣水",
      "recipe": "bloodmagic:alchemytable/holy_water_anointment",
      "text": "暂时提升 5 点你对亡灵生物造成的近战伤害。$(br2)有效物品：工具、剑。$(br2)施加：圣光 I（256 次工具）"
    }
  ]
}