{
  "name": "磨刀油",
  "icon": "bloodmagic:melee_anointment",
  "category": "bloodmagic:alchemy_table/anointments",
  "extra_recipe_mappings":[["bloodmagic:melee_anointment", 0]],
  "pages": [
    {
      "type": "crafting_alchemy_table",
      "heading": "磨刀油",
      "recipe": "bloodmagic:alchemytable/melee_damage_anointment",
      "text": "暂时提升 3 点你造成的近战伤害。$(br2)有效物品：工具、剑。$(br2)施加：磨石 I（256 次攻击）"
    }
  ]
}