{
  "name": "恶魔意志",
  "icon": "bloodmagic:basemonstersoul",
  "category": "demonwill",
  "pages": [
    {
      "type": "text",
      "text": "初涉$(6)血魔法$()，你需要搜集少量的$(item)恶魔意志$()。有两种获取途径：$(br)$(li)击杀被网困住的怪物，被网住的怪物身上会冒出白色的粒子效果。$(li)使用$(l:demonwill/sentientsword)$(item)感知之剑$(/l)$()击杀敌对怪物。$(br)考虑到你刚刚开始游玩本模组，你应该还没有$(l:demonwill/sentientsword)$(item)感知之剑$(/l)，"
    },
    {
   	  "type": "text",
   	  "text": "因此你需要使用$(l:demonwill/soulsnare)$(item)灵魂投网$(/l)。$(br2)恶魔意志在$(6)血魔法$()中用途广泛，在制作一些进阶方块时需要使用到这一资源，譬如$(l:demonwill/soulforge)$(item)狱火熔炉$(/l)，以及一些类似于$(l:demonwill/sentientsword)$(item)感知之剑$(/l)的物品。$(br2)在$(6)血魔法$()的知识里，$(1)恶魔意志$()是恶魔将意志注入尸体后所残余的效果。"
   	},
   	{
   	  "type": "image",
   	  "images": [
   	  	"bloodmagic:images/entries/demonwill/demonwill.png"
   	  ],
   	  "title": "恶魔意志",
   	  "border": true
   	},
   	{
   	  "type": "text",
   	  "text": "一旦你获得了一些意志，你就可以用这些意志在$(item)狱火熔炉$()中制作一些有用的工具了。If you find them cluttering up your inventory, perhaps a $(l:bloodmagic:demon_will/soul_gem)Tartaric Gem$() may help."   	
   	}
  ]
}