{
  "name": "Explosive Charges",
  "icon": "bloodmagic:shaped_charge",
  "category": "bloodmagic:demon_will",
  "extra_recipe_mappings":[
    ["bloodmagic:shaped_charge", 2],
    ["bloodmagic:deforester_charge", 4],
    ["bloodmagic:veinmine_charge", 6],
    ["bloodmagic:fungal_charge", 8]
  ],
  "pages":[
    {
      "type": "text",
      "text": "Mining and foresting is all well and good for those who refuse to dream big, but what self-respecting sanguimancer would ever stoop to that? $(br2)With this in mind, you have devised some devious little devices. Simply throw them at some pesky trees, rocks, or whatever else you wish to cease to be and wait for them to self-ignite."
    },
    {
      "type": "text",
      "text": "Not only that, you can improve their functionality by $(item)Anointing$() them with certain ingredients and a little $(raw)Will$(), as described after each entry. $(br2)The currently avaliable anointments are as follows: $(li)Fortunate - broken blocks are affected by $(item)Fortune I$(). $(li)Heated Tool - Broken blocks are $(item)Smelted$(). $(li)Soft Touch - Broken blocks are affected by $(item)Silk Touch$()."
    },
    {
      "type": "crafting_soulforge",
      "heading": "Shaped Charge",
      "recipe": "bloodmagic:soulforge/shaped_charge",
	  "anchor":"shaped_charge",
	  "text": "The $(item)Shaped Charge$() will destroy a 5x5x5 cube facing whichever side of a block it lands on, dropping all blocks as though mined with a pickaxe. It even works on Obsidian, and provides a most satisfying $(o)KABOOM$() whilst doing so."
    },
    {
      "type": "3x_crafting_soulforge",
      "a.heading": "Fortunate",
      "a.recipe": "bloodmagic:soulforge/shaped_charge_fortune_1",
      "b.heading": "Heated Tool",
      "b.recipe": "bloodmagic:soulforge/shaped_charge_smelting",
      "c.heading": "Soft Touch",
      "c.recipe": "bloodmagic:soulforge/shaped_charge_silk_touch"
    },
    {
      "type": "crafting_soulforge",
      "heading": "Deforester Charge",
      "recipe": "bloodmagic:soulforge/deforester_charge",
	  "anchor":"deforester_charge",
	  "text": "The $(item)Deforester Charge$() is for felling trees. It can be used on logs or leaves, and will fell all but the mightiest of trees, breaking up to $(item)two stacks$() of logs at a time (and neatly stripping away any leaves it encounters in the process!) Even the giant trees of the Jungle will fall in a matter of seconds."
    },
    {
      "type": "3x_crafting_soulforge",
      "a.heading": "Fortunate",
      "a.recipe": "bloodmagic:soulforge/deforester_charge_fortune_1",
      "b.heading": "Heated Tool",
      "b.recipe": "bloodmagic:soulforge/deforester_charge_smelting",
      "c.heading": "Soft Touch",
      "c.recipe": "bloodmagic:soulforge/deforester_charge_silk_touch"
    },
    {
      "type": "crafting_soulforge",
      "heading": "Controlled Charge",
      "recipe": "bloodmagic:soulforge/vein_charge",
      "anchor":"controlled_charge",
      "text": "The $(item)Controlled Charge$(), only destroys blocks $(underline)identical to the block it lands on$(). It will destroy up to $(item)Three stacks$() of blocks, seeking out from the original point. As with other charges, all mined blocks will be dropped."
    },
    {
      "type": "3x_crafting_soulforge",
      "a.heading": "Fortunate",
      "a.recipe": "bloodmagic:soulforge/vein_charge_fortune_1",
      "b.heading": "Heated Tool",
      "b.recipe": "bloodmagic:soulforge/vein_charge_smelting",
      "c.heading": "Soft Touch",
      "c.recipe": "bloodmagic:soulforge/vein_charge_silk_touch"
    },
    {
      "type": "crafting_soulforge",
      "heading": "Fungal Charge",
      "recipe": "bloodmagic:soulforge/fungal_charge",
      "anchor":"fungal_charge",
      "text": "The $(item)Fungal Charge$() is for felling giant mushrooms, both in the Overworld and the Nether. Although doubtful that you will ever reach this in a single charge, it can break up to $(item)three stacks of blocks$()."
    },
    {
      "type": "3x_crafting_soulforge",
      "a.heading": "Fortunate",
      "a.recipe": "bloodmagic:soulforge/fungal_charge_fortune_1",
      "b.heading": "Heated Tool",
      "b.recipe": "bloodmagic:soulforge/fungal_charge_smelting",
      "c.heading": "Soft Touch",
      "c.recipe": "bloodmagic:soulforge/fungal_charge_silk_touch"
    }
  ]
}
