{
  "name": "Sentient Sword",
  "icon": "bloodmagic:soulsword",
  "category": "bloodmagic:demon_will",
  "extra_recipe_mappings":[["bloodmagic:soulsword", 1]],
  "pages": [
    {
      "type": "text",
      "text": "The $(item)Sentient Sword$() is a much more effective tool for collecting $(l:bloodmagic:demon_will/demon_will)Demon Will$() than $(l:bloodmagic:demon_will/soul_snare)Soul Snares$() could ever hope to be. It may seem weak at first, but it is powered by the Wills you carry, so crafting a $(l:bloodmagic:demon_will/soul_gem)Tartaric Gem$() is a must. $(br2) Note that the sword, as with all $(l:bloodmagic:demon_will/sentient_tools)Sentient Tools$(), can be repaired with $(l:bloodmagic:demon_will/crystallized_will)Crystallized Will$() in an Anvil."
    },
    {
      "type": "crafting_soulforge",
      "heading": "Sentient Sword",
      "recipe": "bloodmagic:soulforge/sentientsword",
      "text": "This sword will serve you well."
    }
  ]
}