{
  "variants": {
    "facing=east,honey_level=0": {
      "model": "minecraft:block/bee_nest",
      "y": 90
    },
    "facing=east,honey_level=1": {
      "model": "minecraft:block/bee_nest1",
      "y": 90
    },
    "facing=east,honey_level=2": {
      "model": "minecraft:block/bee_nest2",
      "y": 90
    },
    "facing=east,honey_level=3": {
      "model": "minecraft:block/bee_nest3",
      "y": 90
    },
    "facing=east,honey_level=4": {
      "model": "minecraft:block/bee_nest4",
      "y": 90
    },
    "facing=east,honey_level=5": {
      "model": "minecraft:block/bee_nest_honey",
      "y": 90
    },
    "facing=north,honey_level=0": {
      "model": "minecraft:block/bee_nest"
    },
    "facing=north,honey_level=1": {
      "model": "minecraft:block/bee_nest1"
    },
    "facing=north,honey_level=2": {
      "model": "minecraft:block/bee_nest2"
    },
    "facing=north,honey_level=3": {
      "model": "minecraft:block/bee_nest3"
    },
    "facing=north,honey_level=4": {
      "model": "minecraft:block/bee_nest4"
    },
    "facing=north,honey_level=5": {
      "model": "minecraft:block/bee_nest_honey"
    },
    "facing=south,honey_level=0": {
      "model": "minecraft:block/bee_nest",
      "y": 180
    },
    "facing=south,honey_level=1": {
      "model": "minecraft:block/bee_nest1",
      "y": 180
    },
    "facing=south,honey_level=2": {
      "model": "minecraft:block/bee_nest2",
      "y": 180
    },
    "facing=south,honey_level=3": {
      "model": "minecraft:block/bee_nest3",
      "y": 180
    },
    "facing=south,honey_level=4": {
      "model": "minecraft:block/bee_nest4",
      "y": 180
    },
    "facing=south,honey_level=5": {
      "model": "minecraft:block/bee_nest_honey",
      "y": 180
    },
    "facing=west,honey_level=0": {
      "model": "minecraft:block/bee_nest",
      "y": 270
    },
    "facing=west,honey_level=1": {
      "model": "minecraft:block/bee_nest1",
      "y": 270
    },
    "facing=west,honey_level=2": {
      "model": "minecraft:block/bee_nest2",
      "y": 270
    },
    "facing=west,honey_level=3": {
      "model": "minecraft:block/bee_nest3",
      "y": 270
    },
    "facing=west,honey_level=4": {
      "model": "minecraft:block/bee_nest4",
      "y": 270
    },
    "facing=west,honey_level=5": {
      "model": "minecraft:block/bee_nest_honey",
      "y": 270
    }
  }
}