{
  "variants": {
    "lit=false": [
      {"model": "minecraft:block/lz/dianxin1","weight":4},
      {"model": "minecraft:block/lz/dianxin1","weight":4,"y": 90},
      {"model": "minecraft:block/lz/dianxin1","weight":4,"y": 180},
      {"model": "minecraft:block/lz/dianxin1","weight":4,"y": 270},
      {"model": "minecraft:block/lz/dianxin2","weight":7},
      {"model": "minecraft:block/lz/dianxin2","weight":7,"y": 90},
      {"model": "minecraft:block/lz/dianxin2","weight":7,"y": 180},
      {"model": "minecraft:block/lz/dianxin2","weight":7,"y": 270},
      {"model": "minecraft:block/lz/dianxin3","weight":2},
      {"model": "minecraft:block/lz/dianxin3","weight":2,"y": 90},
      {"model": "minecraft:block/lz/dianxin3","weight":2,"y": 180},
      {"model": "minecraft:block/lz/dianxin3","weight":2,"y": 270},
      {"model": "minecraft:block/lz/dianxin4","weight":8},
      {"model": "minecraft:block/lz/dianxin4","weight":8,"y": 90},
      {"model": "minecraft:block/lz/dianxin4","weight":8,"y": 180},
      {"model": "minecraft:block/lz/dianxin4","weight":8,"y": 270},
      {"model": "minecraft:block/lz/dianxin5","weight":10},
      {"model": "minecraft:block/lz/dianxin5","weight":10,"y": 90},
      {"model": "minecraft:block/lz/dianxin5","weight":10,"y": 180},
      {"model": "minecraft:block/lz/dianxin5","weight":10,"y": 270},
      {"model": "minecraft:block/lz/dianxin6","weight":10},
      {"model": "minecraft:block/lz/dianxin6","weight":10,"y": 90},
      {"model": "minecraft:block/lz/dianxin6","weight":10,"y": 180},
      {"model": "minecraft:block/lz/dianxin6","weight":10,"y": 270},

      {"model": "minecraft:block/lz/shushi1","weight":7},
      {"model": "minecraft:block/lz/shushi1","weight":7,"y": 90},
      {"model": "minecraft:block/lz/shushi1","weight":7,"y": 180},
      {"model": "minecraft:block/lz/shushi1","weight":7,"y": 270},
      {"model": "minecraft:block/lz/shushi2","weight":4},
      {"model": "minecraft:block/lz/shushi2","weight":4,"y": 90},
      {"model": "minecraft:block/lz/shushi2","weight":4,"y": 180},
      {"model": "minecraft:block/lz/shushi2","weight":4,"y": 270},
      {"model": "minecraft:block/lz/shushi3","weight":10},
      {"model": "minecraft:block/lz/shushi3","weight":10,"y": 90},
      {"model": "minecraft:block/lz/shushi3","weight":10,"y": 180},
      {"model": "minecraft:block/lz/shushi3","weight":10,"y": 270},
      {"model": "minecraft:block/lz/shushi4","weight":10},
      {"model": "minecraft:block/lz/shushi4","weight":10,"y": 90},
      {"model": "minecraft:block/lz/shushi4","weight":10,"y": 180},
      {"model": "minecraft:block/lz/shushi4","weight":10,"y": 270},

      {"model": "minecraft:block/lz/lingshi1","weight":10},
      {"model": "minecraft:block/lz/lingshi1","weight":10,"y": 90},
      {"model": "minecraft:block/lz/lingshi1","weight":10,"y": 180},
      {"model": "minecraft:block/lz/lingshi1","weight":10,"y": 270},
      {"model": "minecraft:block/lz/lingshi2","weight":10},
      {"model": "minecraft:block/lz/lingshi2","weight":10,"y": 90},
      {"model": "minecraft:block/lz/lingshi2","weight":10,"y": 180},
      {"model": "minecraft:block/lz/lingshi2","weight":10,"y": 270},
      {"model": "minecraft:block/lz/lingshi3","weight":10},
      {"model": "minecraft:block/lz/lingshi3","weight":10,"y": 90},
      {"model": "minecraft:block/lz/lingshi3","weight":10,"y": 180},
      {"model": "minecraft:block/lz/lingshi3","weight":10,"y": 270},
      {"model": "minecraft:block/lz/lingshi4","weight":10},
      {"model": "minecraft:block/lz/lingshi4","weight":10,"y": 90},
      {"model": "minecraft:block/lz/lingshi4","weight":10,"y": 180},
      {"model": "minecraft:block/lz/lingshi4","weight":10,"y": 270},
      {"model": "minecraft:block/lz/lingshi5","weight":10},
      {"model": "minecraft:block/lz/lingshi5","weight":10,"y": 90},
      {"model": "minecraft:block/lz/lingshi5","weight":10,"y": 180},
      {"model": "minecraft:block/lz/lingshi5","weight":10,"y": 270},
      {"model": "minecraft:block/lz/lingshi6","weight":10},
      {"model": "minecraft:block/lz/lingshi6","weight":10,"y": 90},
      {"model": "minecraft:block/lz/lingshi6","weight":10,"y": 180},
      {"model": "minecraft:block/lz/lingshi6","weight":10,"y": 270}
    ],
    "lit=true": {
      "model": "minecraft:block/brown_candle_cake_lit"
    }
  }
}