{
  "variants": {
    "lit=false": [
      {"model": "minecraft:block/lz/tangyu1","weight":20},
      {"model": "minecraft:block/lz/tangyu1","weight":20,"y": 90},
      {"model": "minecraft:block/lz/tangyu1","weight":20,"y": 180},
      {"model": "minecraft:block/lz/tangyu1","weight":20,"y": 270},
      {"model": "minecraft:block/lz/tangyu2","weight":20},
      {"model": "minecraft:block/lz/tangyu2","weight":20,"y": 90},
      {"model": "minecraft:block/lz/tangyu2","weight":20,"y": 180},
      {"model": "minecraft:block/lz/tangyu2","weight":20,"y": 270},
      {"model": "minecraft:block/lz/tangyu3","weight":20},
      {"model": "minecraft:block/lz/tangyu3","weight":20,"y": 90},
      {"model": "minecraft:block/lz/tangyu3","weight":20,"y": 180},
      {"model": "minecraft:block/lz/tangyu3","weight":20,"y": 270},
      {"model": "minecraft:block/lz/tangyu4","weight":20},
      {"model": "minecraft:block/lz/tangyu4","weight":20,"y": 90},
      {"model": "minecraft:block/lz/tangyu4","weight":20,"y": 180},
      {"model": "minecraft:block/lz/tangyu4","weight":20,"y": 270},
      {"model": "minecraft:block/lz/tang1","weight":10},
      {"model": "minecraft:block/lz/tang1","weight":10,"y": 90},
      {"model": "minecraft:block/lz/tang1","weight":10,"y": 180},
      {"model": "minecraft:block/lz/tang1","weight":10,"y": 270},
      {"model": "minecraft:block/lz/tang2","weight":10},
      {"model": "minecraft:block/lz/tang2","weight":10,"y": 90},
      {"model": "minecraft:block/lz/tang2","weight":10,"y": 180},
      {"model": "minecraft:block/lz/tang2","weight":10,"y": 270},
      {"model": "minecraft:block/lz/tang3","weight":10},
      {"model": "minecraft:block/lz/tang3","weight":10,"y": 90},
      {"model": "minecraft:block/lz/tang3","weight":10,"y": 180},
      {"model": "minecraft:block/lz/tang3","weight":10,"y": 270},
      {"model": "minecraft:block/lz/tang4","weight":10},
      {"model": "minecraft:block/lz/tang4","weight":10,"y": 90},
      {"model": "minecraft:block/lz/tang4","weight":10,"y": 180},
      {"model": "minecraft:block/lz/tang4","weight":10,"y": 270},
      {"model": "minecraft:block/lz/tang5","weight":10},
      {"model": "minecraft:block/lz/tang5","weight":10,"y": 90},
      {"model": "minecraft:block/lz/tang5","weight":10,"y": 180},
      {"model": "minecraft:block/lz/tang5","weight":10,"y": 270},
      {"model": "minecraft:block/lz/tang6","weight":10},
      {"model": "minecraft:block/lz/tang6","weight":10,"y": 90},
      {"model": "minecraft:block/lz/tang6","weight":10,"y": 180},
      {"model": "minecraft:block/lz/tang6","weight":10,"y": 270},
      {"model": "minecraft:block/lz/tang7","weight":10},
      {"model": "minecraft:block/lz/tang7","weight":10,"y": 90},
      {"model": "minecraft:block/lz/tang7","weight":10,"y": 180},
      {"model": "minecraft:block/lz/tang7","weight":10,"y": 270},
      {"model": "minecraft:block/lz/tang8","weight":10},
      {"model": "minecraft:block/lz/tang8","weight":10,"y": 90},
      {"model": "minecraft:block/lz/tang8","weight":10,"y": 180},
      {"model": "minecraft:block/lz/tang8","weight":10,"y": 270}
    ],
    "lit=true": {
      "model": "minecraft:block/cyan_candle_cake_lit"
    }
  }
}