{
    "variants": {
        "": [ { "model": "block/grass", "weight": 2600 }
, { "model": "block/grass0", "weight": 1 }
, { "model": "block/grass0", "y": 90, "weight": 1 }
, { "model": "block/grass0", "y": 180, "weight": 1 }
, { "model": "block/grass0", "y": 270, "weight": 1 }
, { "model": "block/grass1", "weight": 1 }
, { "model": "block/grass1", "y": 90, "weight": 1 }
, { "model": "block/grass1", "y": 180, "weight": 1 }
, { "model": "block/grass1", "y": 270, "weight": 1 }
, { "model": "block/grass2", "weight": 1 }
, { "model": "block/grass2", "y": 90, "weight": 1 }
, { "model": "block/grass2", "y": 180, "weight": 1 }
, { "model": "block/grass2", "y": 270, "weight": 1 }
, { "model": "block/grass3", "y": 90, "weight": 1 }
, { "model": "block/grass3", "y": 180, "weight": 1 }
, { "model": "block/grass3", "y": 270, "weight": 1 }
,{ "model": "block/grass3" , "weight": 1} ]   }
}
