{
  "variants": {
    "facing=down,powered=false": [
    {"model": "minecraft:block/observer1","weight":200,"x": 90},
    {"model": "minecraft:block/observer2","weight":1,"x": 90}
  ],
    "facing=down,powered=true": {
      "model": "minecraft:block/observer_on1",
      "x": 90
    },
    "facing=east,powered=false": [
      {"model": "minecraft:block/observer1","weight":200,"y": 90},
      {"model": "minecraft:block/observer2","weight":1,"y": 90}
    ],
    "facing=east,powered=true": {
      "model": "minecraft:block/observer_on1",
      "y": 90
    },
    "facing=north,powered=false": [
      {"model": "minecraft:block/observer1","weight":200},
      {"model": "minecraft:block/observer2","weight":1}
    ],
    "facing=north,powered=true": {
      "model": "minecraft:block/observer_on1"
    },
    "facing=south,powered=false": [
      {"model": "minecraft:block/observer1","weight":200,"y": 180},
      {"model": "minecraft:block/observer2","weight":1,"y": 180}
    ],
    "facing=south,powered=true": {
      "model": "minecraft:block/observer_on1",
      "y": 180
    },
    "facing=up,powered=false": [
      {"model": "minecraft:block/observer1","weight":200,"x": 270},
      {"model": "minecraft:block/observer2","weight":1,"x": 270}
    ],
    "facing=up,powered=true": {
      "model": "minecraft:block/observer_on1",
      "x": 270
    },
    "facing=west,powered=false": [
      {"model": "minecraft:block/observer1","weight":200,"y": 270},
      {"model": "minecraft:block/observer2","weight":1,"y": 270}
    ],
    "facing=west,powered=true": {
      "model": "minecraft:block/observer_on1",
      "y": 270
    }
  }
}