{
  "variants": {
    "lit=false": [
      {"model": "minecraft:block/lz/book1","weight":4},
      {"model": "minecraft:block/lz/book1","weight":4,"y": 90},
      {"model": "minecraft:block/lz/book1","weight":4,"y": 180},
      {"model": "minecraft:block/lz/book1","weight":4,"y": 270},
      {"model": "minecraft:block/lz/book2","weight":4},
      {"model": "minecraft:block/lz/book2","weight":4,"y": 90},
      {"model": "minecraft:block/lz/book2","weight":4,"y": 180},
      {"model": "minecraft:block/lz/book2","weight":4,"y": 270},
      {"model": "minecraft:block/lz/book3","weight":4},
      {"model": "minecraft:block/lz/book3","weight":4,"y": 90},
      {"model": "minecraft:block/lz/book3","weight":4,"y": 180},
      {"model": "minecraft:block/lz/book3","weight":4,"y": 270},
      {"model": "minecraft:block/lz/book4","weight":4},
      {"model": "minecraft:block/lz/book4","weight":4,"y": 90},
      {"model": "minecraft:block/lz/book4","weight":4,"y": 180},
      {"model": "minecraft:block/lz/book4","weight":4,"y": 270},
      {"model": "minecraft:block/lz/book5","weight":4},
      {"model": "minecraft:block/lz/book5","weight":4,"y": 90},
      {"model": "minecraft:block/lz/book5","weight":4,"y": 180},
      {"model": "minecraft:block/lz/book5","weight":4,"y": 270},
      {"model": "minecraft:block/lz/book6","weight":4},
      {"model": "minecraft:block/lz/book6","weight":4,"y": 90},
      {"model": "minecraft:block/lz/book6","weight":4,"y": 180},
      {"model": "minecraft:block/lz/book6","weight":4,"y": 270},

      {"model": "minecraft:block/lz/book31","weight":4},
      {"model": "minecraft:block/lz/book31","weight":4,"y": 90},
      {"model": "minecraft:block/lz/book31","weight":4,"y": 180},
      {"model": "minecraft:block/lz/book31","weight":4,"y": 270},
      {"model": "minecraft:block/lz/book32","weight":4},
      {"model": "minecraft:block/lz/book32","weight":4,"y": 90},
      {"model": "minecraft:block/lz/book32","weight":4,"y": 180},
      {"model": "minecraft:block/lz/book32","weight":4,"y": 270},
      {"model": "minecraft:block/lz/book33","weight":4},
      {"model": "minecraft:block/lz/book33","weight":4,"y": 90},
      {"model": "minecraft:block/lz/book33","weight":4,"y": 180},
      {"model": "minecraft:block/lz/book33","weight":4,"y": 270},
      {"model": "minecraft:block/lz/book34","weight":4},
      {"model": "minecraft:block/lz/book34","weight":4,"y": 90},
      {"model": "minecraft:block/lz/book34","weight":4,"y": 180},
      {"model": "minecraft:block/lz/book34","weight":4,"y": 270},

      {"model": "minecraft:block/lz/book41","weight":4},
      {"model": "minecraft:block/lz/book41","weight":4,"y": 90},
      {"model": "minecraft:block/lz/book41","weight":4,"y": 180},
      {"model": "minecraft:block/lz/book41","weight":4,"y": 270},
      {"model": "minecraft:block/lz/book42","weight":4},
      {"model": "minecraft:block/lz/book42","weight":4,"y": 90},
      {"model": "minecraft:block/lz/book42","weight":4,"y": 180},
      {"model": "minecraft:block/lz/book42","weight":4,"y": 270},
      {"model": "minecraft:block/lz/book43","weight":4},
      {"model": "minecraft:block/lz/book43","weight":4,"y": 90},
      {"model": "minecraft:block/lz/book43","weight":4,"y": 180},
      {"model": "minecraft:block/lz/book43","weight":4,"y": 270},
      {"model": "minecraft:block/lz/book44","weight":4},
      {"model": "minecraft:block/lz/book44","weight":4,"y": 90},
      {"model": "minecraft:block/lz/book44","weight":4,"y": 180},
      {"model": "minecraft:block/lz/book44","weight":4,"y": 270},


      {"model": "minecraft:block/lz/book51","weight":4},
      {"model": "minecraft:block/lz/book51","weight":4,"y": 90},
      {"model": "minecraft:block/lz/book51","weight":4,"y": 180},
      {"model": "minecraft:block/lz/book51","weight":4,"y": 270},


      {"model": "minecraft:block/lz/book21","weight":4},
      {"model": "minecraft:block/lz/book21","weight":4,"y": 90},
      {"model": "minecraft:block/lz/book21","weight":4,"y": 180},
      {"model": "minecraft:block/lz/book21","weight":4,"y": 270},
      {"model": "minecraft:block/lz/book22","weight":4},
      {"model": "minecraft:block/lz/book22","weight":4,"y": 90},
      {"model": "minecraft:block/lz/book22","weight":4,"y": 180},
      {"model": "minecraft:block/lz/book22","weight":4,"y": 270},
      {"model": "minecraft:block/lz/book23","weight":4},
      {"model": "minecraft:block/lz/book23","weight":4,"y": 90},
      {"model": "minecraft:block/lz/book23","weight":4,"y": 180},
      {"model": "minecraft:block/lz/book23","weight":4,"y": 270},
      {"model": "minecraft:block/lz/book24","weight":4},
      {"model": "minecraft:block/lz/book24","weight":4,"y": 90},
      {"model": "minecraft:block/lz/book24","weight":4,"y": 180},
      {"model": "minecraft:block/lz/book24","weight":4,"y": 270},
      {"model": "minecraft:block/lz/book25","weight":4},
      {"model": "minecraft:block/lz/book25","weight":4,"y": 90},
      {"model": "minecraft:block/lz/book25","weight":4,"y": 180},
      {"model": "minecraft:block/lz/book25","weight":4,"y": 270},
      {"model": "minecraft:block/lz/book26","weight":4},
      {"model": "minecraft:block/lz/book26","weight":4,"y": 90},
      {"model": "minecraft:block/lz/book26","weight":4,"y": 180},
      {"model": "minecraft:block/lz/book26","weight":4,"y": 270}
    ],
    "lit=true": {
      "model": "minecraft:block/purple_candle_cake_lit"
    }
  }
}