{
  "variants": {
    "layers=1": {
      "model": "minecraft:block/snow_height2_1"
    },
    "layers=2": {
      "model": "minecraft:block/snow_height4_1"
    },
    "layers=3": {
      "model": "minecraft:block/snow_height6_1"
    },
    "layers=4": {
      "model": "minecraft:block/snow_height8_1"
    },
    "layers=5": {
      "model": "minecraft:block/snow_height10_1"
    },
    "layers=6": {
      "model": "minecraft:block/snow_height12_1"
    },
    "layers=7": {
      "model": "minecraft:block/snow_height14_1"
    },
    "layers=8": {
      "model": "minecraft:block/snow_height16_1"
    }
  }
}