{
  "name": "Ritual of the Crusher",
  "icon": "minecraft:iron_pickaxe",
  "category": "bloodmagic:rituals/ritual_list",
  "pages": [
    {
      "type": "multiblock",
      "name": "Ritual of the Crusher",
      "multiblock":{
        "pattern":[
          ["__A__", "_____", "A___A", "_____", "__A__"],
          ["D_F_D", "__E__", "FE0EF", "__E__", "D_F_D"]
        ],
        "mapping":{
          "0": "bloodmagic:masterritualstone",
          "A": "bloodmagic:airritualstone",
          "F": "bloodmagic:fireritualstone",
          "E": "bloodmagic:earthritualstone",
          "D": "bloodmagic:duskritualstone"
        },
        "symetrical": true
      },
      "text": "Use a $(l:bloodmagic:rituals/ritual_diviner#dusk)Ritual Diviner [Dusk]$(/l) for easier construction."
    },
    {
      "type": "text",
      "text": "Breaks blocks within its $(item)Crushing Range$() and places the items into the linked $(item)Chest$().$(br2)$(air)Air Runes: 4$(br)$(fire)Fire Runes: 4$(br)$(earth)Earth Runes: 4$(br)$()Dusk Runes: 4$(br2)$()Total Runes: 16" 
    },
    {
      "type": "spotlight",
      "item": "bloodmagic:defaultcrystal",
      "title": "Raw",
      "text": "Increases the speed of the ritual based on the total amount of $(raw)Raw Will$() in the Aura."
    },
    {
      "type": "spotlight",
      "item": "bloodmagic:corrosivecrystal",
      "title": "Corrosive",
      "text": "All blocks are broken to be processed with a form of $(l:bloodmagic:alchemy_table/alchemy_table#cutting_fluid)Cutting Fluid$(). Overrides $(item)Silk Touch$() where applicable."
    },
    {
      "type": "spotlight",
      "item": "bloodmagic:vengefulcrystal",
      "title": "Vengeful",
      "text": "Compresses the inventory on successful operation (e.g. coal into Coal Blocks, Redstone into Blocks of Redstone, etc). Currently only does one compression per operation."
    },
    {
      "type": "spotlight",
      "item": "bloodmagic:destructivecrystal",
      "title": "Destructive",
      "text": "Blocks are broken down forcefully: all blocks broken are affected by $(item)Fortune III.$()"
    },
    {
      "type": "spotlight",
      "item": "bloodmagic:steadfastcrystal",
      "title": "Steadfast",
      "text": "Causes all blocks that are broken to be picked up with $(item)Silk Touch$(). Overrides $(item)Fortune$() where applicable."
    },
    {
      "type": "spotlight",
      "item": "bloodmagic:ritualtinkerer",
      "title": "Range",
      "text": "(Chest) The location of the inventory that the ritual will place the broken blocks into. $(br) $(li)Maximum Volume: 1 $(li)Horizontal Radius: 3 $(li)Vertical Radius: 3"
    },
    {
      "type": "spotlight",
      "item": "bloodmagic:ritualtinkerer",
      "title": "Range",
      "text": "(Crushing) The blocks that the ritual will break. $(br) $(li)Maximum Volume: 50 $(li)Horizontal Radius: 10 $(li)Vertical Radius: 10"
    }
  ]
}