{
  "name": "Reap of the Harvest Moon",
  "icon": "minecraft:wheat",
  "category": "bloodmagic:rituals/ritual_list",
  "pages": [
    {
      "type": "multiblock",
      "name": "Reap of the Harvest Moon",
      "multiblock":{
        "pattern":[
          ["_WE_EW_",
           "W__E__W",
           "E_D_D_E",
           "_E_0_E_",
           "E_D_D_E",
           "W__E__W",
           "_WE_EW_"]
        ],
        "mapping":{
          "0": "bloodmagic:masterritualstone",
          "W": "bloodmagic:waterritualstone",
          "E": "bloodmagic:earthritualstone",
          "D": "bloodmagic:duskritualstone"
        },
        "symetrical": true
      },
      "text": "Use a $(l:bloodmagic:rituals/ritual_diviner#dusk)Ritual Diviner [Dusk]$(/l) for easier construction."
    },
    {
      "type": "text",
      "text": "Harvests plants within its range, dropping the results on the ground.$(br2)$(water)Water Runes: 8$(br)$(earth)Earth Runes: 12$(br)$()Dusk Runes: 4$(br2)$()Total Runes: 24" 
    },
    {
      "type": "spotlight",
      "item": "bloodmagic:ritualtinkerer",
      "title": "Range",
      "text": "(Harvesting) Plants within this range will be harvested. $(br) $(li)Maximum Volume: Full Range. $(li)Horizontal Radius: 15 $(li)Vertical Radius: 15"
    }
  ]
}

