{
  "name": "Resonance of the Faceted Crystal",
  "icon": "bloodmagic:vengefulcrystal",
  "category": "bloodmagic:rituals/ritual_list",
  "pages": [
    {
      "type": "multiblock",
      "name": "Resonance of the Faceted Crystal",
      "multiblock":{
        "pattern":[
          ["__D__", "_BFB_", "DE0AD", "_BWB_", "__D__"],
          ["_D_D_", "D___D", "_____", "D___D", "_D_D_"]
        ],
        "mapping":{
          "0": "bloodmagic:masterritualstone",
          "B": "bloodmagic:ritualstone",
          "W": "#bloodmagic:ritual_stones/water_earth_fire_air",
          "A": "#bloodmagic:ritual_stones/air_water_earth_fire",
          "F": "#bloodmagic:ritual_stones/fire_air_water_earth",
          "E": "#bloodmagic:ritual_stones/earth_fire_air_water",
          "D": "bloodmagic:duskritualstone"
        },
        "symetrical": false
      },
      "text": "Use a $(l:bloodmagic:rituals/ritual_diviner#dusk)Ritual Diviner [Dusk]$(/l) for easier construction."
    },
    {
      "type": "text",
      "text": "Splits apart a well-grown $(raw)Raw Crystal Cluster$() into several aspected crystal clusters. For additional setup information, see the next page. For more information on Aspected Will, see $(l:bloodmagic:demon_will/aspected_will)Aspected Will$(). $(br2)$(blank)Blank Runes: 4 $(br)$(water)Water Runes: 1 $(br)$(air)Air Runes: 1 $(br)$(fire)Fire Runes: 1 $(br)$(earth)Earth Runes: 1 $(br)$()Dusk Runes: 12 $(br2)$()Total Runes: 20" 
	},
    {
      "type": "image",
      "title": "Ritual Setup",
      "images": ["bloodmagic:images/entries/demon_will/will_splitting.png"],
      "border": true,
      "text": "Recommended setup for the Resonance of the Faceted Crystal ritual."
    },
    {
      "type": "text",
      "text": "This ritual takes a well grown (5 spires) $(l:bloodmagic:demon_will/crystallized_will)Raw Crystal Cluster$(/l) located 2 blocks above the $(item)Master Ritual Stone$(), and splits it into new single spires of each $(l:bloodmagic:demon_will/aspected_will)Aspected Will$(/l) Crystal Clusters located directly above the 4 elemental Ritual Stones. This spacing is designed to accommodate a $(item)Demon Crystallizer$() on top of the $(item)Master Ritual Stone$().$(br2)For information on growing Demon Will Crystals, please see $(l:bloodmagic:demon_will/crystallized_will)Crystallized Will$(/l)."
    }
  ]
}
