{
  "name": "Ritual of Magnetism",
  "icon": "minecraft:iron_ore",
  "category": "bloodmagic:rituals/ritual_list",
  "pages": [
    {
      "type": "multiblock",
      "name": "Ritual of Magnetism",
      "multiblock":{
        "pattern":[
          ["__F__", "_____", "F___F", "_____", "__F__"],
          ["A_E_A", "_____", "E___E", "_____", "A_E_A"],
          ["_____", "_E_E_", "__0__", "_E_E_", "_____"]
        ],
        "mapping":{
          "0": "bloodmagic:masterritualstone",
          "A": "bloodmagic:airritualstone",
          "F": "bloodmagic:fireritualstone",
          "E": "bloodmagic:earthritualstone"
        },
        "symetrical": true
      },
      "text": "Use a $(l:bloodmagic:rituals/ritual_diviner)Ritual Diviner$(/l) for easier construction."
    },
    {
      "type": "text",
      "text": "Pulls up ores from the ground below and puts them into its placement range.$(br2)$(air)Air Runes: 4$(br)$(fire)Fire Runes: 4$(br)$(earth)Earth Runes: 8$(br2)$()Total Runes: 16" 
    },
    {
      "type": "text",
      "text": "By default, the $()Ritual of Magnetism$() searches down to bedrock in a radius of 3 blocks out from the $(item)Master Ritual Stone$() for ores to collect. This can be augmented by placing an expensive block directly underneath the MRS, as follows: $(br2)$(li)$(item)Block of Iron$() - 7 blocks. $(li)$(item)Block of Gold$() - 15 blocks. $(li)$(item)Block of Diamond$() - 31 blocks."
    },
    {
      "type": "spotlight",
      "item": "bloodmagic:ritualtinkerer",
      "title": "Range",
      "text": "(Placement) The range that the ritual will place the grabbed ores into. $(br) $(li)Maximum Volume: 50 $(li)Horizontal Radius: 4 $(li)Vertical Radius: 4"
    }
  ]
}