{
    "name": "魔法盔甲",
    "icon": "ars_nouveau:novice_robes",
    "category": "equipment",
    "pages": [
        {
            "type": "text",
            "text": "魔法袍能额外增加魔力上限和魔力再生速度。要施展最大最强的魔法，你会需要一个比初学者更大的魔力池。每一个部位的法袍都能提供增益，而且每级的法袍都能比上一级提供更多增益。要开始合成盔甲，你需要先获得魔力之花。"
        },
		{
            "type":"crafting",
			"recipe":"ars_nouveau:mana_fiber",
			"recipe2":"ars_nouveau:novice_hood"
		},{
            "type":"crafting",
			"recipe":"ars_nouveau:novice_robes",
			"recipe2":"ars_nouveau:novice_leggings"
		},
		{
            "type":"crafting",
			"recipe":"ars_nouveau:novice_boots",
			"recipe2":"ars_nouveau:blaze_fiber"
		},
		{
            "type":"crafting",
			"recipe":"ars_nouveau:apprentice_hood",
			"recipe2":"ars_nouveau:apprentice_robes"
		},
		
		{
            "type":"crafting",
			"recipe":"ars_nouveau:apprentice_leggings",
			"recipe2":"ars_nouveau:apprentice_boots"
		},
		{
            "type":"crafting",
			"recipe":"ars_nouveau:end_fiber",
			"recipe2":"ars_nouveau:archmage_hood"
		},
		{
            "type":"crafting",
			"recipe":"ars_nouveau:archmage_robes",
			"recipe2":"ars_nouveau:archmage_leggings"
		},
		{
            "type":"crafting",
			"recipe":"ars_nouveau:archmage_boots"
		},
		{
            "type": "relations",
            "entries":["apparatus/mana_bloom_crop"]
        }
    ]
}
