{
    "name": "法术书",
    "icon": "ars_nouveau:archmage_spell_book",
    "category": "equipment",
    "pages": [
        {
            "type": "text",
            "text": "使用更高等级的法术构件需要更好的法术书。初学者法术书只能使用 1 级法术构件，法师和大法师的法术书则分别解锁 2 级和 3 级法术构件。升级你的法术书会将所有你学过的法术构件转移到新书里。法术书也能被染色，只需将法术书与染料合成。"
        },
		{
            "type":"crafting",
			"recipe":"ars_nouveau:novice_spell_book",
			"recipe2":"ars_nouveau:apprentice_spell_book_upgrade"
		},{
            "type":"crafting",
			"recipe":"ars_nouveau:archmage_spell_book_upgrade"
		}
    ]
}
