{
    "name": "折越卷轴",
    "icon": "ars_nouveau:warp_scroll",
    "category": "equipment",
    "pages": [
        {
            "type": "text",
            "text": "折越卷轴使用后能传送至其记录的位置，而且使用后卷轴会被消耗。不过，跨维度传送是不可能的。将设定好位置的卷轴拿在副手，对实体施放闪现，可以使其他实体折越。"
        },
		{
            "type":"crafting",
			"recipe":"ars_nouveau:warp_scroll"
		}
    ]
}
