{
  "name": "Ritual Stones",
  "icon": "bloodmagic:waterritualstone",
  "category": "bloodmagic:rituals",
  "extra_recipe_mappings":[
    ["bloodmagic:airritualstone", 0],
    ["bloodmagic:fireritualstone", 0],
    ["bloodmagic:waterritualstone", 0],
    ["bloodmagic:earthritualstone", 0],
    ["bloodmagic:duskritualstone", 0]
  ],
  "pages": [
    {
      "type": "text",
      "text": "$(item)Ritual Stones$() are the canvas upon which you will draw your $(item)Rituals$(). They also look quite nifty, and can be manually painted with the various $(l:bloodmagic:rituals/ritual_diviner)Elemental Inscription Tools$()." 
    },
    {
      "type": "crafting",
      "recipe": "bloodmagic:ritual_stone_blank",
      "recipe2": "bloodmagic:ritual_stone_master"
    }
  ]
}