{
  "name": "占卜印记",
  "icon": "bloodmagic:divinationsigil",
  "category": "bloodmagic:alchemy_array/sigil",
  "extra_recipe_mappings":[
    ["bloodmagic:divinationsigil", 1]
  ],
  "pages": [
    {
      "type": "text",
      "text": "在血魔法的众多印记中，$(item)占卜印记$()也许是你最先想要制作出来的印记。若想制作出这一印记，你需要先画出一个$(l:bloodmagic:alchemy_array/functional_arrays/arcane_ash)炼金矩阵$(/l)，并依序放入基底物$(item)红石粉$()，催化剂$(item)空白石板$()。"
    },
    {
      "type": "crafting_array",
      "heading": "占卜印记",
      "recipe": "bloodmagic:array/divinationsigil",
      "text": " $(italic)窥探灵魂。"
    },
    {
      "type": "image",
      "images": [
        "bloodmagic:images/entries/sigil/divination_sigil.png"
      ],
      "title": "占卜印记矩阵",
      "border": true,
      "text": "占卜印记，旁边的是它的合成矩阵。"
    },
    {
      "type": "text",
      "text": "占卜印记有两种主要用途：$(br)$(li)当玩家手持印记对准空气右击，印记会显示出你$(l:bloodmagic:altar/soul_network)灵魂网络$(/l)中的 LP 量。$(li)若是对着$(l:bloodmagic:altar/blood_altar)血之祭坛$(/l)右击，它会告诉玩家祭坛的当前等级、所含 LP 量以及 LP 最大存储量。手持$(item)占卜印记$()，它还能在你使用其他方块时助你一臂之力，但具体细节此处按下不表。"
    }
  ]
}