{
  "name": "绿丛印记",
  "icon": "bloodmagic:growthsigil",
  "category": "bloodmagic:alchemy_array/sigil",
  "extra_recipe_mappings":[
    ["bloodmagic:reagentgrowth", 1],
    ["bloodmagic:growthsigil", 1]
  ],
  "pages": [
    {
      "type": "text",
      "text": "$(item)绿丛印记$()有数次使用次数。在炼金矩阵中依次放入$(item)促生试剂$(item)和$(item)强化石板$()，便可以制作出绿丛印记了。此印记可以使用你储藏的生命力促进周围植物的生长。"
    },
    {
      "type": "crafting_2-step_sigil",
      "alchemy_table.heading": "促生试剂",
      "alchemy_table.recipe": "bloodmagic:alchemytable/reagent_growth",
      "array.heading": "绿丛印记",
      "array.recipe": "bloodmagic:array/growthsigil"
    },
    {
      "type": "image",
      "images": [
        "bloodmagic:images/entries/sigil/grove_sigil1.png",
        "bloodmagic:images/entries/sigil/grove_sigil2.png",
        "bloodmagic:images/entries/sigil/grove_sigil3.png"
      ],
      "title": "绿丛试剂仪式",
      "border": true,
      "text": "这是绿丛印记矩阵，以及它的主要用途。"
    },
    {
      "type": "text",
      "text": "如果你手持印记右击一个 $(2)IGrowable$() 的方块对象，它会消耗你 150 LP并对方块施加一次骨粉效果。$(br2)然而，如果你是按住 shift 并对着空气右击，印记会被点亮，此时意味着它处于激活状态，它会每 10 秒消耗 150 LP。它会对以玩家为中心的 7x7x5 空间内的所有方块施加一个生长刻。喔，种土豆的时候用上这个，不错！"
    }
  ]
}