{
	"credit": "Made with Blockbench",
	"parent": "minecraft:block/cross",
	"textures": {
		"cross": "block/amethyst_cluster1",
		"particle": "block/202"
	},
	"elements": [
		{
			"from": [4.5, 0, 7],
			"to": [8, 12, 10.5],
			"rotation": {"angle": 22.5, "axis": "y", "origin": [6.75, 7, 9.25]},
			"faces": {
				"north": {"uv": [5, 1, 10, 16], "texture": "#cross"},
				"east": {"uv": [5, 1, 10, 16], "texture": "#cross"},
				"south": {"uv": [5, 1, 10, 16], "texture": "#cross"},
				"west": {"uv": [5, 1, 10, 16], "texture": "#cross"},
				"up": {"uv": [5, 1, 10, 6], "texture": "#cross"},
				"down": {"uv": [5, 1, 10, 6], "texture": "#cross"}
			}
		},
		{
			"from": [5.93434, -0.86524, 11.5],
			"to": [8.93434, 7.13476, 14.5],
			"rotation": {"angle": 22.5, "axis": "x", "origin": [7.93434, 7.13476, 15.5]},
			"faces": {
				"north": {"uv": [5, 1, 10, 16], "texture": "#cross"},
				"east": {"uv": [5, 1, 10, 16], "texture": "#cross"},
				"south": {"uv": [5, 1, 10, 16], "texture": "#cross"},
				"west": {"uv": [5, 1, 10, 16], "texture": "#cross"},
				"up": {"uv": [5, 1, 10, 6], "texture": "#cross"},
				"down": {"uv": [5, 1, 10, 6], "texture": "#cross"}
			}
		},
		{
			"from": [5.93434, 0.38476, -0.5],
			"to": [9.73434, 8.38476, 3.3],
			"rotation": {"angle": -22.5, "axis": "x", "origin": [7.93434, 7.38476, 1.5]},
			"faces": {
				"north": {"uv": [5, 1, 10, 16], "texture": "#cross"},
				"east": {"uv": [5, 1, 10, 16], "texture": "#cross"},
				"south": {"uv": [5, 1, 10, 16], "texture": "#cross"},
				"west": {"uv": [5, 1, 10, 16], "texture": "#cross"},
				"up": {"uv": [5, 1, 10, 6], "texture": "#cross"},
				"down": {"uv": [5, 1, 10, 6], "texture": "#cross"}
			}
		},
		{
			"from": [0.43434, -0.11524, 6],
			"to": [3.43434, 7.88476, 9],
			"rotation": {"angle": 22.5, "axis": "z", "origin": [1.68434, 5.63476, 8]},
			"faces": {
				"north": {"uv": [5, 1, 10, 16], "texture": "#cross"},
				"east": {"uv": [5, 1, 10, 16], "texture": "#cross"},
				"south": {"uv": [5, 1, 10, 16], "texture": "#cross"},
				"west": {"uv": [5, 1, 10, 16], "texture": "#cross"},
				"up": {"uv": [5, 1, 10, 6], "texture": "#cross"},
				"down": {"uv": [5, 1, 10, 6], "texture": "#cross"}
			}
		},
		{
			"from": [11.68434, -1.36524, 5.75],
			"to": [14.68434, 6.63476, 8.75],
			"rotation": {"angle": -45, "axis": "z", "origin": [13.68434, 5.38476, 8]},
			"faces": {
				"north": {"uv": [5, 1, 10, 16], "texture": "#cross"},
				"east": {"uv": [5, 1, 10, 16], "texture": "#cross"},
				"south": {"uv": [5, 1, 10, 16], "texture": "#cross"},
				"west": {"uv": [5, 1, 10, 16], "texture": "#cross"},
				"up": {"uv": [5, 1, 10, 6], "texture": "#cross"},
				"down": {"uv": [5, 1, 10, 6], "texture": "#cross"}
			}
		},
		{
			"from": [4, 0, 4],
			"to": [6, 5, 6],
			"rotation": {"angle": 22.5, "axis": "z", "origin": [4, 0, 4]},
			"faces": {
				"north": {"uv": [6, 11, 8, 16], "texture": "#cross"},
				"east": {"uv": [9, 11, 11, 16], "texture": "#cross"},
				"south": {"uv": [8, 11, 10, 16], "texture": "#cross"},
				"west": {"uv": [5, 11, 7, 16], "texture": "#cross"},
				"up": {"uv": [5, 4, 7, 6], "texture": "#cross"},
				"down": {"uv": [5, 2, 7, 4], "texture": "#cross"}
			}
		},
		{
			"from": [5, 0, 10],
			"to": [7, 3, 12],
			"rotation": {"angle": 22.5, "axis": "z", "origin": [5, 0, 10]},
			"faces": {
				"north": {"uv": [10, 13, 12, 16], "texture": "#cross"},
				"east": {"uv": [9, 13, 11, 16], "texture": "#cross"},
				"south": {"uv": [5, 13, 7, 16], "texture": "#cross"},
				"west": {"uv": [7, 13, 9, 16], "texture": "#cross"},
				"up": {"uv": [2, 10, 4, 12], "texture": "#cross"},
				"down": {"uv": [6, 8, 8, 10], "texture": "#cross"}
			}
		},
		{
			"from": [10, 2, 9],
			"to": [13, 5, 12],
			"rotation": {"angle": 45, "axis": "x", "origin": [10, 2, 9]},
			"faces": {
				"north": {"uv": [7, 10, 10, 13], "texture": "#cross"},
				"east": {"uv": [4, 13, 7, 16], "texture": "#cross"},
				"south": {"uv": [7, 13, 10, 16], "texture": "#cross"},
				"west": {"uv": [9, 13, 12, 16], "texture": "#cross"},
				"up": {"uv": [12, 9, 15, 12], "texture": "#cross"},
				"down": {"uv": [6, 13, 9, 16], "texture": "#cross"}
			}
		},
		{
			"from": [10, 0, 3.5],
			"to": [12.5, 3, 6],
			"rotation": {"angle": -45, "axis": "x", "origin": [10, 0, 3.5]},
			"faces": {
				"north": {"uv": [6, 12, 8.5, 16], "texture": "#cross"},
				"east": {"uv": [5, 10, 7.5, 14], "texture": "#cross"},
				"south": {"uv": [9, 11, 11.5, 15], "texture": "#cross"},
				"west": {"uv": [7, 11, 9.5, 15], "texture": "#cross"},
				"up": {"uv": [5, 4, 8, 7.25], "texture": "#cross"},
				"down": {"uv": [2, 10, 4.5, 12.5], "texture": "#cross"}
			}
		},
		{
			"from": [2.5, 0, 7],
			"to": [3.5, 5, 8.5],
			"rotation": {"angle": 45, "axis": "z", "origin": [2.5, 0, 7]},
			"faces": {
				"north": {"uv": [6, 10, 7, 15], "texture": "#cross"},
				"east": {"uv": [7, 8, 8.5, 13], "texture": "#cross"},
				"south": {"uv": [6, 10, 7, 15], "texture": "#cross"},
				"west": {"uv": [6.75, 7.75, 8.25, 12.75], "texture": "#cross"},
				"up": {"uv": [10, 11, 11, 12.5], "texture": "#cross"},
				"down": {"uv": [10, 12, 11, 13.5], "texture": "#cross"}
			}
		},
		{
			"from": [2.75, -0.25, 3.25],
			"to": [11.75, 1.75, 12.25],
			"rotation": {"angle": 0, "axis": "y", "origin": [2.75, -0.25, 3.25]},
			"faces": {
				"north": {"uv": [4, 14, 13, 16], "texture": "#cross"},
				"east": {"uv": [3, 14, 12, 16], "texture": "#cross"},
				"south": {"uv": [4, 14, 13, 16], "texture": "#cross"},
				"west": {"uv": [3, 14, 12, 16], "texture": "#cross"},
				"up": {"uv": [3, 9, 10, 16], "texture": "#cross"},
				"down": {"uv": [3, 9, 10, 16], "texture": "#cross"}
			}
		},
		{
			"from": [7.5, 0.75, 4],
			"to": [11, 9.25, 7.5],
			"rotation": {"angle": 0, "axis": "y", "origin": [9.25, 5, 5.75]},
			"faces": {
				"north": {"uv": [6, 7.5, 9.5, 16], "texture": "#cross"},
				"east": {"uv": [5, 7, 8.5, 15.5], "texture": "#cross"},
				"south": {"uv": [6, 7, 9.5, 15.5], "texture": "#cross"},
				"west": {"uv": [5, 7, 8.5, 15.5], "texture": "#cross"},
				"up": {"uv": [5, 4, 8.5, 7.5], "texture": "#cross"},
				"down": {"uv": [6, 4, 9.5, 7.5], "texture": "#cross"}
			}
		},
		{
			"from": [4.25, 1, 6],
			"to": [6.75, 7, 8.5],
			"rotation": {"angle": -22.5, "axis": "x", "origin": [4.25, 1, 6]},
			"faces": {
				"north": {"uv": [5, 10, 7.5, 16], "texture": "#cross"},
				"east": {"uv": [5, 10, 7.5, 16], "texture": "#cross"},
				"south": {"uv": [7, 10, 9.5, 16], "texture": "#cross"},
				"west": {"uv": [6, 9, 8.5, 15], "texture": "#cross"},
				"up": {"uv": [5, 6, 8, 9], "texture": "#cross"},
				"down": {"uv": [5, 6, 8, 9], "texture": "#cross"}
			}
		},
		{
			"from": [8.25, 2.75, 7.75],
			"to": [11.25, 6.25, 10.25],
			"rotation": {"angle": 22.5, "axis": "y", "origin": [9.25, 4, 9]},
			"faces": {
				"north": {"uv": [5, 10, 8, 13.5], "texture": "#cross"},
				"east": {"uv": [7, 10, 9.5, 13.5], "texture": "#cross"},
				"south": {"uv": [5, 11, 8, 14.5], "texture": "#cross"},
				"west": {"uv": [6, 11, 8.5, 14.5], "texture": "#cross"},
				"up": {"uv": [7, 10, 9.5, 13], "rotation": 90, "texture": "#cross"},
				"down": {"uv": [6, 9, 8.5, 12], "rotation": 270, "texture": "#cross"}
			}
		},
		{
			"from": [12, 0, 7],
			"to": [14, 2, 9],
			"faces": {
				"north": {"uv": [5, 10, 7, 12], "texture": "#cross"},
				"east": {"uv": [3, 12, 5, 14], "texture": "#cross"},
				"south": {"uv": [10, 13, 12, 15], "texture": "#cross"},
				"west": {"uv": [7, 8, 9, 10], "texture": "#cross"},
				"up": {"uv": [6, 12, 8, 14], "texture": "#cross"},
				"down": {"uv": [7, 7, 9, 9], "texture": "#cross"}
			}
		}
	]
}