{
	"credit": "Made by YSBB with Blockbench",
	"parent": "minecraft:block/cube_all",
	"texture_size": [32, 32],
	"textures": {
		"2": "block/azalea_leaves2",
		"all": "block/azalea_leaves1",
		"particle": "block/201"
	},
	"elements": [
		{
			"from": [0, 0, 0],
			"to": [16, 16, 16],
			"faces": {
				"north": {"uv": [0, 0, 16, 16], "texture": "#all", "cullface": "north"},
				"east": {"uv": [0, 0, 16, 16], "texture": "#all", "cullface": "east"},
				"south": {"uv": [0, 0, 16, 16], "texture": "#all", "cullface": "south"},
				"west": {"uv": [0, 0, 16, 16], "texture": "#all", "cullface": "west"},
				"up": {"uv": [0, 0, 16, 16], "texture": "#all", "cullface": "up"},
				"down": {"uv": [0, 0, 16, 16], "texture": "#all", "cullface": "down"}
			}
		},
		{
			"from": [8.65328, -5, -3.9794],
			"to": [8.65328, 19, 20.0206],
			"shade": false,
			"rotation": {"angle": -22.5, "axis": "y", "origin": [8.46194, 8, 7.80866]},
			"faces": {
				"east": {"uv": [1.125, 2, 14.125, 14], "texture": "#2", "cullface": "east"},
				"west": {"uv": [1, 2.25, 14, 14], "texture": "#2", "cullface": "west"}
			}
		},
		{
			"from": [-4, -4.5, 8],
			"to": [20, 19.5, 8],
			"shade": false,
			"rotation": {"angle": -22.5, "axis": "y", "origin": [8.46194, 8, 7.80866]},
			"faces": {
				"north": {"uv": [1, 2.25, 14, 14], "texture": "#2", "cullface": "north"},
				"south": {"uv": [1.125, 2, 14.125, 14], "texture": "#2", "cullface": "south"}
			}
		}
	],
	"display": {
		"ground": {
			"translation": [0, 10.5, 0]
		}
	}
}