{
	"credit": "Made by YSBB with Blockbench",
	"parent": "minecraft:block/cross",
	"textures": {
		"1": "block/azure_bluet1",
		"cross": "block/azure_bluet2",
		"particle": "block/h105"
	},
	"elements": [
		{
			"from": [-0.5, 0, 8],
			"to": [19.5, 18, 8],
			"shade": false,
			"rotation": {"angle": 45, "axis": "y", "origin": [9.5, 9, 9.5]},
			"faces": {
				"north": {"uv": [0, 0, 16, 16], "texture": "#cross"},
				"south": {"uv": [0, 0, 16, 16], "texture": "#cross"}
			}
		},
		{
			"from": [8.43934, 0, -2.56066],
			"to": [8.43934, 18, 17.43934],
			"shade": false,
			"rotation": {"angle": 45, "axis": "y", "origin": [8.43934, 9, 8.43934]},
			"faces": {
				"east": {"uv": [0, 0, 16, 16], "texture": "#cross"},
				"west": {"uv": [0, 0, 16, 16], "texture": "#cross"}
			}
		},
		{
			"from": [2.25, 6, 6.25],
			"to": [2.25, 9.5, 10.25],
			"shade": false,
			"rotation": {"angle": -45, "axis": "z", "origin": [4.25, 6.5, 9.25]},
			"faces": {
				"west": {"uv": [10, 7, 7, 10], "texture": "#1"}
			}
		},
		{
			"from": [7.80541, 1.6765, 14.85335],
			"to": [11.80541, 5.1765, 14.85335],
			"shade": false,
			"rotation": {"angle": -22.5, "axis": "x", "origin": [9.30541, 3.1765, 14.85335]},
			"faces": {
				"south": {"uv": [7, 2, 10, 5], "texture": "#1"}
			}
		},
		{
			"from": [6.30541, 7.35475, 13.02748],
			"to": [10.30541, 10.85475, 13.02748],
			"shade": false,
			"rotation": {"angle": -45, "axis": "x", "origin": [8.30541, 8.85475, 13.02748]},
			"faces": {
				"south": {"uv": [10, 7, 7, 10], "texture": "#1"}
			}
		},
		{
			"from": [13.30541, 7.60475, 7.02748],
			"to": [13.30541, 11.10475, 11.02748],
			"shade": false,
			"rotation": {"angle": 45, "axis": "z", "origin": [13.30541, 9.10475, 8.52748]},
			"faces": {
				"east": {"uv": [10, 7, 7, 10], "texture": "#1"}
			}
		},
		{
			"from": [5.09202, 8.94314, 1.77748],
			"to": [9.09202, 8.94314, 5.27748],
			"shade": false,
			"rotation": {"angle": -45, "axis": "x", "origin": [7.96702, 8.94314, 3.40248]},
			"faces": {
				"up": {"uv": [10, 7, 7, 10], "rotation": 180, "texture": "#1"}
			}
		},
		{
			"from": [7.09202, 2.81814, 1.65248],
			"to": [11.09202, 6.31814, 1.65248],
			"shade": false,
			"rotation": {"angle": 22.5, "axis": "x", "origin": [8.71702, 4.44314, 1.15248]},
			"faces": {
				"north": {"uv": [7, 2, 10, 5], "texture": "#1"}
			}
		},
		{
			"from": [15.05541, 2.60475, 5.52748],
			"to": [15.05541, 6.10475, 9.52748],
			"shade": false,
			"rotation": {"angle": 22.5, "axis": "z", "origin": [15.05541, 4.10475, 8.02748]},
			"faces": {
				"east": {"uv": [7, 2, 10, 5], "texture": "#1"}
			}
		},
		{
			"from": [1.36577, 2.08424, 7.75],
			"to": [1.36577, 5.58424, 11.75],
			"shade": false,
			"rotation": {"angle": -22.5, "axis": "z", "origin": [1.61577, 3.70924, 8.875]},
			"faces": {
				"west": {"uv": [7, 2, 10, 5], "texture": "#1"}
			}
		}
	]
}