{
	"credit": "Made by YSBB with Blockbench",
	"parent": "minecraft:block/orientable_with_bottom",
	"textures": {
		"top": "block/bee_nest_top",
		"bottom": "block/bee_nest_bottom",
		"side": "block/bee_nest_side",
		"front": "block/bee_nest_front",
		"particle": "block/011"
	},
	"elements": [
		{
			"from": [0, 0, 0],
			"to": [16, 16, 16],
			"faces": {
				"north": {"uv": [0, 0, 16, 16], "texture": "#front", "cullface": "north"},
				"east": {"uv": [0, 0, 16, 16], "texture": "#side", "cullface": "east"},
				"south": {"uv": [0, 0, 16, 16], "texture": "#side", "cullface": "south"},
				"west": {"uv": [0, 0, 16, 16], "texture": "#side", "cullface": "west"},
				"up": {"uv": [0, 0, 16, 16], "texture": "#top", "cullface": "up"},
				"down": {"uv": [0, 0, 16, 16], "texture": "#bottom", "cullface": "down"}
			}
		}
	]
}