{
	"credit": "Made by YSBB with Blockbench",
	"parent": "minecraft:block/crop",
	"textures": {
		"crop": "block/beetroots_stage1",
		"particle": "block/027"
	},
	"elements": [
		{
			"from": [8.5, 0, 4.5],
			"to": [18.5, 9, 4.5],
			"shade": false,
			"rotation": {"angle": 45, "axis": "y", "origin": [13.25, 6.5, 5.75]},
			"faces": {
				"north": {"uv": [1, 0, 13, 11], "texture": "#crop"},
				"south": {"uv": [2, 0, 14, 11], "texture": "#crop"}
			}
		},
		{
			"from": [13.25, 0, -0.5],
			"to": [13.25, 9, 10.5],
			"shade": false,
			"rotation": {"angle": 45, "axis": "y", "origin": [13.25, 6.5, 5.75]},
			"faces": {
				"east": {"uv": [14.5, 0, 1.5, 11], "texture": "#crop"},
				"west": {"uv": [2, 0, 15, 11], "texture": "#crop"}
			}
		},
		{
			"from": [11, -1.5, 4],
			"to": [13.25, 1.5, 6.25],
			"rotation": {"angle": 0, "axis": "y", "origin": [1.75, 0.5, -6.5]},
			"faces": {
				"north": {"uv": [14, 12, 16, 16], "texture": "#crop"},
				"east": {"uv": [14, 12, 16, 16], "texture": "#crop"},
				"south": {"uv": [14, 12, 16, 16], "texture": "#crop"},
				"west": {"uv": [14, 12, 16, 16], "texture": "#crop"},
				"up": {"uv": [14, 12, 16, 14], "texture": "#crop"}
			}
		},
		{
			"from": [1.25, -1, 3.5],
			"to": [11.25, 8, 3.5],
			"shade": false,
			"rotation": {"angle": 45, "axis": "y", "origin": [6, 5.5, 4.75]},
			"faces": {
				"north": {"uv": [1, 0, 13, 11], "texture": "#crop"},
				"south": {"uv": [2, 0, 14, 11], "texture": "#crop"}
			}
		},
		{
			"from": [6, -1, -1.5],
			"to": [6, 8, 9.5],
			"shade": false,
			"rotation": {"angle": 45, "axis": "y", "origin": [6, 5.5, 4.75]},
			"faces": {
				"east": {"uv": [14.5, 0, 1.5, 11], "texture": "#crop"},
				"west": {"uv": [2, 0, 15, 11], "texture": "#crop"}
			}
		},
		{
			"from": [4, -2.5, 3],
			"to": [6.25, 0.5, 5.25],
			"rotation": {"angle": 0, "axis": "y", "origin": [-5.5, -0.5, -7.5]},
			"faces": {
				"north": {"uv": [14, 12, 16, 16], "texture": "#crop"},
				"east": {"uv": [14, 12, 16, 16], "texture": "#crop"},
				"south": {"uv": [14, 12, 16, 16], "texture": "#crop"},
				"west": {"uv": [14, 12, 16, 16], "texture": "#crop"},
				"up": {"uv": [14, 12, 16, 14], "texture": "#crop"}
			}
		},
		{
			"from": [0.5, 0, 11.5],
			"to": [10.5, 9, 11.5],
			"shade": false,
			"rotation": {"angle": 45, "axis": "y", "origin": [5.25, 6.5, 12.75]},
			"faces": {
				"north": {"uv": [1, 0, 13, 11], "texture": "#crop"},
				"south": {"uv": [2, 0, 14, 11], "texture": "#crop"}
			}
		},
		{
			"from": [5.25, 0, 6.5],
			"to": [5.25, 9, 17.5],
			"shade": false,
			"rotation": {"angle": 45, "axis": "y", "origin": [5.25, 6.5, 12.75]},
			"faces": {
				"east": {"uv": [14.5, 0, 1.5, 11], "texture": "#crop"},
				"west": {"uv": [2, 0, 15, 11], "texture": "#crop"}
			}
		},
		{
			"from": [3.25, -1.5, 10.75],
			"to": [5.5, 1.5, 13],
			"rotation": {"angle": 0, "axis": "y", "origin": [-6.25, 0.5, 0.5]},
			"faces": {
				"north": {"uv": [14, 12, 16, 16], "texture": "#crop"},
				"east": {"uv": [14, 12, 16, 16], "texture": "#crop"},
				"south": {"uv": [14, 12, 16, 16], "texture": "#crop"},
				"west": {"uv": [14, 12, 16, 16], "texture": "#crop"},
				"up": {"uv": [14, 12, 16, 14], "texture": "#crop"}
			}
		},
		{
			"from": [7.25, -1, 11.75],
			"to": [17.25, 8, 11.75],
			"shade": false,
			"rotation": {"angle": 45, "axis": "y", "origin": [12, 5.5, 13]},
			"faces": {
				"north": {"uv": [1, 0, 13, 11], "texture": "#crop"},
				"south": {"uv": [2, 0, 14, 11], "texture": "#crop"}
			}
		},
		{
			"from": [12, -1, 6.75],
			"to": [12, 8, 17.75],
			"shade": false,
			"rotation": {"angle": 45, "axis": "y", "origin": [12, 5.5, 13]},
			"faces": {
				"east": {"uv": [14.5, 0, 1.5, 11], "texture": "#crop"},
				"west": {"uv": [2, 0, 15, 11], "texture": "#crop"}
			}
		},
		{
			"from": [9.75, -2.5, 11],
			"to": [12, 0.5, 13.25],
			"rotation": {"angle": 0, "axis": "y", "origin": [0.5, -0.5, 0.75]},
			"faces": {
				"north": {"uv": [14, 12, 16, 16], "texture": "#crop"},
				"east": {"uv": [14, 12, 16, 16], "texture": "#crop"},
				"south": {"uv": [14, 12, 16, 16], "texture": "#crop"},
				"west": {"uv": [14, 12, 16, 16], "texture": "#crop"},
				"up": {"uv": [14, 12, 16, 14], "texture": "#crop"}
			}
		}
	],
	"groups": [
		{
			"name": "group",
			"origin": [8, 8, 8],
			"color": 0,
			"children": [0, 1, 2]
		},
		{
			"name": "group",
			"origin": [8, 8, 8],
			"color": 0,
			"children": [3, 4, 5]
		},
		{
			"name": "group",
			"origin": [8, 8, 8],
			"color": 0,
			"children": [6, 7, 8]
		},
		{
			"name": "group",
			"origin": [8, 8, 8],
			"color": 0,
			"children": [9, 10, 11]
		}
	]
}