{
	"credit": "Made by YSBB with Blockbench",
	"parent": "minecraft:block/crop",
	"textures": {
		"crop": "block/beetroots_stage2",
		"particle": "block/027"
	},
	"elements": [
		{
			"from": [8.25, 1.25, 5],
			"to": [18.25, 10.25, 5],
			"shade": false,
			"rotation": {"angle": 45, "axis": "y", "origin": [13.25, 7, 5.75]},
			"faces": {
				"north": {"uv": [2, 0, 14, 11], "texture": "#crop"},
				"south": {"uv": [2, 0, 14, 11], "texture": "#crop"}
			}
		},
		{
			"from": [13.25, 1.25, -0.5],
			"to": [13.25, 10.25, 10.5],
			"shade": false,
			"rotation": {"angle": 45, "axis": "y", "origin": [13.25, 7, 5.75]},
			"faces": {
				"east": {"uv": [14.5, 0, 1.5, 11], "texture": "#crop"},
				"west": {"uv": [2, 0, 15, 11], "texture": "#crop"}
			}
		},
		{
			"from": [10.75, -1, 3.75],
			"to": [14, 2, 7],
			"rotation": {"angle": 0, "axis": "y", "origin": [1.75, 1, -6.5]},
			"faces": {
				"north": {"uv": [8, 12, 11, 15], "texture": "#crop"},
				"east": {"uv": [8, 12, 11, 15], "texture": "#crop"},
				"south": {"uv": [8, 12, 11, 15], "texture": "#crop"},
				"west": {"uv": [8, 12, 11, 15], "texture": "#crop"},
				"up": {"uv": [8, 12, 11, 15], "texture": "#crop"}
			}
		},
		{
			"from": [0.5, 0.5, 3.75],
			"to": [10.5, 9.5, 3.75],
			"shade": false,
			"rotation": {"angle": 45, "axis": "y", "origin": [5.75, 6.25, 4.5]},
			"faces": {
				"north": {"uv": [2, 0, 14, 11], "texture": "#crop"},
				"south": {"uv": [2, 0, 14, 11], "texture": "#crop"}
			}
		},
		{
			"from": [5.5, 0.5, -2.25],
			"to": [5.5, 9.5, 8.75],
			"shade": false,
			"rotation": {"angle": 45, "axis": "y", "origin": [5.75, 6.25, 4.5]},
			"faces": {
				"east": {"uv": [14, 0, 1, 11], "texture": "#crop"},
				"west": {"uv": [1, 0, 14, 11], "texture": "#crop"}
			}
		},
		{
			"from": [3.5, -1.75, 2.5],
			"to": [6.75, 1.25, 5.75],
			"rotation": {"angle": 0, "axis": "y", "origin": [-5.75, 0.25, -7.75]},
			"faces": {
				"north": {"uv": [8, 12, 11, 15], "texture": "#crop"},
				"east": {"uv": [8, 12, 11, 15], "texture": "#crop"},
				"south": {"uv": [8, 12, 11, 15], "texture": "#crop"},
				"west": {"uv": [8, 12, 11, 15], "texture": "#crop"},
				"up": {"uv": [8, 12, 11, 15], "texture": "#crop"}
			}
		},
		{
			"from": [-0.25, 1, 11.5],
			"to": [9.75, 10, 11.5],
			"shade": false,
			"rotation": {"angle": 45, "axis": "y", "origin": [4.75, 6.75, 12.25]},
			"faces": {
				"north": {"uv": [2, 0, 14, 11], "texture": "#crop"},
				"south": {"uv": [2, 0, 14, 11], "texture": "#crop"}
			}
		},
		{
			"from": [4.75, 1, 5.5],
			"to": [4.75, 10, 16.5],
			"shade": false,
			"rotation": {"angle": 45, "axis": "y", "origin": [4.75, 6.75, 12.25]},
			"faces": {
				"east": {"uv": [13.5, 0, 0.5, 11], "texture": "#crop"},
				"west": {"uv": [1, 0, 14, 11], "texture": "#crop"}
			}
		},
		{
			"from": [2.5, -1.25, 10],
			"to": [5.75, 1.75, 13.25],
			"rotation": {"angle": 0, "axis": "y", "origin": [-6.75, 0.75, 0]},
			"faces": {
				"north": {"uv": [8, 12, 11, 15], "texture": "#crop"},
				"east": {"uv": [8, 12, 11, 15], "texture": "#crop"},
				"south": {"uv": [8, 12, 11, 15], "texture": "#crop"},
				"west": {"uv": [8, 12, 11, 15], "texture": "#crop"},
				"up": {"uv": [8, 12, 11, 15], "texture": "#crop"}
			}
		},
		{
			"from": [6.5, 0.5, 12],
			"to": [16.5, 9.5, 12],
			"shade": false,
			"rotation": {"angle": 45, "axis": "y", "origin": [11.75, 6.25, 13]},
			"faces": {
				"north": {"uv": [2, 0, 14, 11], "texture": "#crop"},
				"south": {"uv": [2, 0, 14, 11], "texture": "#crop"}
			}
		},
		{
			"from": [11.5, 0.5, 6.75],
			"to": [11.5, 9.5, 17.75],
			"shade": false,
			"rotation": {"angle": 45, "axis": "y", "origin": [11.75, 6.25, 13]},
			"faces": {
				"east": {"uv": [14.75, 0, 1.75, 11], "texture": "#crop"},
				"west": {"uv": [1.75, 0, 14.75, 11], "texture": "#crop"}
			}
		},
		{
			"from": [9.25, -1.75, 10.75],
			"to": [12.5, 1.25, 14],
			"rotation": {"angle": 0, "axis": "y", "origin": [0.25, 0.25, 0.75]},
			"faces": {
				"north": {"uv": [8, 12, 11, 15], "texture": "#crop"},
				"east": {"uv": [8, 12, 11, 15], "texture": "#crop"},
				"south": {"uv": [8, 12, 11, 15], "texture": "#crop"},
				"west": {"uv": [8, 12, 11, 15], "texture": "#crop"},
				"up": {"uv": [8, 12, 11, 15], "texture": "#crop"}
			}
		}
	],
	"groups": [
		{
			"name": "group",
			"origin": [8, 8, 8],
			"color": 0,
			"children": [0, 1, 2]
		},
		{
			"name": "group",
			"origin": [8, 8, 8],
			"color": 0,
			"children": [3, 4, 5]
		},
		{
			"name": "group",
			"origin": [8, 8, 8],
			"color": 0,
			"children": [6, 7, 8]
		},
		{
			"name": "group",
			"origin": [8, 8, 8],
			"color": 0,
			"children": [9, 10, 11]
		}
	]
}