{
	"credit": "Made with Blockbench",
	"parent": "block/block",
	"texture_size": [64, 64],
	"textures": {
		"0": "block/birch2",
		"1": "block/birch1",
                                "particle": "block/200b"
	},
	"elements": [
		{
			"from": [7.57769, -4.75, -5.36837],
			"to": [7.57769, 20.25, 20.63163],
			"shade": false,
			"rotation": {"angle": -22.5, "axis": "y", "origin": [7.57769, 7.75, 8.13163]},
			"faces": {
				"east": {"uv": [4, 4.5, 11.25, 11.625], "texture": "#1", "cullface": "east"},
				"west": {"uv": [3.75, 4.75, 11, 11.875], "texture": "#1", "cullface": "west"}
			}
		},
		{
			"from": [-4.98097, -4.25, 7.66969],
			"to": [21.01903, 20.75, 7.66969],
			"shade": false,
			"rotation": {"angle": -22.5, "axis": "y", "origin": [7.76903, 7.75, 7.66969]},
			"faces": {
				"north": {"uv": [4, 4.5, 11.25, 11.625], "texture": "#1", "cullface": "north"},
				"south": {"uv": [3.8125, 4.5625, 11.0625, 11.6875], "texture": "#1", "cullface": "south"}
			}
		},
		{
			"from": [0, 0, 0],
			"to": [16, 16, 16],
			"faces": {
				"north": {"uv": [0, 0, 16, 16], "texture": "#0", "cullface": "north"},
				"east": {"uv": [0, 0, 16, 16], "texture": "#0", "cullface": "east"},
				"south": {"uv": [0, 0, 16, 16], "texture": "#0", "cullface": "south"},
				"west": {"uv": [0, 0, 16, 16], "texture": "#0", "cullface": "west"},
				"up": {"uv": [0, 0, 16, 16], "texture": "#0", "cullface": "up"},
				"down": {"uv": [0, 0, 16, 16], "texture": "#0", "cullface": "down"}
			}
		}
	]
}