{
	"credit": "Made with Blockbench",
	"texture_size": [32, 32],
	"textures": {
		"stand": "block/brewing_stand1"
	},
	"elements": [
		{
			"from": [9, 2.95, 7.5],
			"to": [10, 13.95, 8.5],
			"faces": {
				"north": {"uv": [6, 2, 7, 13], "texture": "#stand"},
				"east": {"uv": [6, 2, 7, 13], "texture": "#stand"},
				"south": {"uv": [7, 2, 6, 13], "texture": "#stand"},
				"west": {"uv": [6, 2, 7, 13], "texture": "#stand"},
				"up": {"uv": [7, 2, 6, 3], "texture": "#stand"},
				"down": {"uv": [6, 12, 7, 13], "texture": "#stand"}
			}
		},
		{
			"from": [10, 12, 7.5],
			"to": [11, 15, 8.5],
			"faces": {
				"north": {"uv": [4, 1, 5, 4], "texture": "#stand"},
				"east": {"uv": [4, 1, 5, 4], "texture": "#stand"},
				"south": {"uv": [4, 1, 5, 4], "texture": "#stand"},
				"west": {"uv": [4, 1, 5, 4], "texture": "#stand"},
				"up": {"uv": [4, 1, 5, 2], "texture": "#stand"},
				"down": {"uv": [4, 3, 5, 4], "texture": "#stand"}
			}
		},
		{
			"from": [11, 10, 7.5],
			"to": [12, 16, 8.5],
			"faces": {
				"north": {"uv": [3, 0, 4, 6], "texture": "#stand"},
				"east": {"uv": [3, 0, 4, 6], "texture": "#stand"},
				"south": {"uv": [3, 0, 4, 6], "texture": "#stand"},
				"west": {"uv": [3, 0, 4, 6], "texture": "#stand"},
				"up": {"uv": [3, 0, 4, 1], "texture": "#stand"},
				"down": {"uv": [3, 5, 4, 6], "texture": "#stand"}
			}
		},
		{
			"from": [12, 7, 7.5],
			"to": [13, 10, 8.5],
			"faces": {
				"north": {"uv": [2, 6, 3, 9], "texture": "#stand"},
				"east": {"uv": [2, 6, 3, 9], "texture": "#stand"},
				"south": {"uv": [2, 6, 3, 9], "texture": "#stand"},
				"west": {"uv": [2, 6, 3, 9], "texture": "#stand"},
				"up": {"uv": [2, 6, 3, 7], "texture": "#stand"},
				"down": {"uv": [2, 8, 3, 9], "texture": "#stand"}
			}
		},
		{
			"from": [12, 11, 7.5],
			"to": [13, 13, 8.5],
			"faces": {
				"north": {"uv": [2, 3, 3, 5], "texture": "#stand"},
				"east": {"uv": [2, 3, 3, 5], "texture": "#stand"},
				"south": {"uv": [2, 3, 3, 5], "texture": "#stand"},
				"west": {"uv": [2, 3, 3, 5], "texture": "#stand"},
				"up": {"uv": [2, 3, 3, 4], "texture": "#stand"},
				"down": {"uv": [2, 4, 3, 5], "texture": "#stand"}
			}
		},
		{
			"from": [11, 7.75, 6.5],
			"to": [14, 9, 9.5],
			"faces": {
				"north": {"uv": [13, 13, 16, 14], "texture": "#stand"},
				"east": {"uv": [13, 13, 16, 14], "texture": "#stand"},
				"south": {"uv": [13, 13, 16, 14], "texture": "#stand"},
				"west": {"uv": [13, 13, 16, 14], "texture": "#stand"},
				"up": {"uv": [13, 13, 16, 14], "texture": "#stand"},
				"down": {"uv": [13, 13, 16, 14], "texture": "#stand"}
			}
		},
		{
			"from": [11.25, 6.75, 6.75],
			"to": [13.75, 7.75, 9.25],
			"faces": {
				"north": {"uv": [1, 8, 4, 9], "texture": "#stand"},
				"east": {"uv": [1, 8, 4, 9], "texture": "#stand"},
				"south": {"uv": [1, 8, 4, 9], "texture": "#stand"},
				"west": {"uv": [1, 8, 4, 9], "texture": "#stand"}
			}
		},
		{
			"from": [10.35, 3, 5.9],
			"to": [14.6, 6.75, 10.15],
			"faces": {
				"north": {"uv": [11, 9, 16, 13], "texture": "#stand"},
				"east": {"uv": [11, 9, 16, 13], "texture": "#stand"},
				"south": {"uv": [11, 9, 16, 13], "texture": "#stand"},
				"west": {"uv": [11, 9, 16, 13], "texture": "#stand"},
				"up": {"uv": [11, 8, 16, 13], "texture": "#stand"},
				"down": {"uv": [11, 9, 16, 13], "texture": "#stand"}
			}
		}
	],
	"display": {
		"thirdperson_righthand": {
			"rotation": [75, 45, 0],
			"translation": [0, 1.5, 2.75],
			"scale": [0.5, 0.5, 0.5]
		},
		"thirdperson_lefthand": {
			"rotation": [75, 45, 0],
			"translation": [0, 1.5, 2.75],
			"scale": [0.5, 0.5, 0.5]
		},
		"firstperson_righthand": {
			"rotation": [0, -45, 0],
			"translation": [0, 4, 0],
			"scale": [0.5, 0.5, 0.5]
		},
		"firstperson_lefthand": {
			"rotation": [0, -45, 0],
			"translation": [0, 4, 0],
			"scale": [0.5, 0.5, 0.5]
		},
		"ground": {
			"translation": [0, 2, 0],
			"scale": [0.5, 0.5, 0.5]
		},
		"gui": {
			"rotation": [30, -45, 0],
			"translation": [0, 3.25, 0]
		},
		"head": {
			"translation": [0, 14.4, 0]
		},
		"fixed": {
			"rotation": [-90, 0, 0],
			"translation": [0, 0, -8]
		}
	},
	"groups": [
		0,
		{
			"name": "potion",
			"origin": [8, 8, 8],
			"color": 0,
			"children": [
				{
					"name": "potion",
					"origin": [8, 8, 8],
					"color": 0,
					"children": []
				}
			]
		},
		1,
		2,
		3,
		4,
		5,
		6,
		7
	]
}