{
	"credit": "Made with Blockbench",
	"textures": {
		"0": "block/brown_mushroom2",
                                "particle": "block/088"
	},
	"elements": [
		{
			"from": [6.25, 6, 7.75],
			"to": [14.25, 8.25, 15.75],
			"rotation": {"angle": 0, "axis": "y", "origin": [10.25, 3.5, 11.75]},
			"faces": {
				"north": {"uv": [4, 8, 12, 10], "texture": "#0"},
				"east": {"uv": [4, 8, 12, 10], "texture": "#0"},
				"south": {"uv": [4, 8, 12, 10], "texture": "#0"},
				"west": {"uv": [4, 8, 12, 10], "texture": "#0"},
				"up": {"uv": [0, 0, 8, 8], "texture": "#0"},
				"down": {"uv": [7, 14, 9, 16], "texture": "#0"}
			}
		},
		{
			"from": [9.75, 0, 11],
			"to": [11.25, 6, 12.5],
			"rotation": {"angle": 0, "axis": "y", "origin": [10.25, 3.5, 11.75]},
			"faces": {
				"north": {"uv": [7, 11, 9, 15], "texture": "#0"},
				"east": {"uv": [7, 11, 9, 15], "texture": "#0"},
				"south": {"uv": [7, 11, 9, 15], "texture": "#0"},
				"west": {"uv": [7, 11, 9, 15], "texture": "#0"}
			}
		},
		{
			"from": [1.5, 4, 1.25],
			"to": [7, 6, 6.75],
			"rotation": {"angle": 0, "axis": "y", "origin": [5.75, 3.5, 4.75]},
			"faces": {
				"north": {"uv": [9, 2, 14, 4], "texture": "#0"},
				"east": {"uv": [9, 4, 14, 2], "texture": "#0"},
				"south": {"uv": [14, 2, 9, 4], "texture": "#0"},
				"west": {"uv": [4, 8, 9, 10], "texture": "#0"},
				"up": {"uv": [11, 11, 16, 16], "texture": "#0"},
				"down": {"uv": [7, 14, 9, 16], "texture": "#0"}
			}
		},
		{
			"from": [3.75, 0, 3.25],
			"to": [5, 4, 4.5],
			"rotation": {"angle": 0, "axis": "y", "origin": [5.75, 3.5, 4.75]},
			"faces": {
				"north": {"uv": [7, 11, 9, 15], "texture": "#0"},
				"east": {"uv": [7, 11, 9, 15], "texture": "#0"},
				"south": {"uv": [7, 11, 9, 15], "texture": "#0"},
				"west": {"uv": [7, 11, 9, 15], "texture": "#0"}
			}
		}
	],
	"groups": [
		{
			"name": "group",
			"origin": [0, 0, 0],
			"color": 0,
			"nbt": "{}",
			"armAnimationEnabled": false,
			"children": [
				0,
				1,
				{
					"name": "group",
					"origin": [0, 0, 0],
					"color": 0,
					"nbt": "{}",
					"armAnimationEnabled": false,
					"children": [2, 3]
				}
			]
		}
	]
}