{
	"credit": "Made with Blockbench",
	"parent": "minecraft:block/cross",
	"textures": {
                                "particle": "block/088",
		"cross": "block/brown_mushroom2"
	},
	"elements": [
		{
			"from": [5, 4, 4],
			"to": [13, 6, 12],
			"rotation": {"angle": 0, "axis": "y", "origin": [9, 5, 8]},
			"faces": {
				"north": {"uv": [4, 8, 12, 10], "texture": "#cross"},
				"east": {"uv": [4, 8, 12, 10], "texture": "#cross"},
				"south": {"uv": [4, 8, 12, 10], "texture": "#cross"},
				"west": {"uv": [4, 8, 12, 10], "texture": "#cross"},
				"up": {"uv": [0, 0, 8, 8], "texture": "#cross"},
				"down": {"uv": [7, 14, 9, 16], "texture": "#cross"}
			}
		},
		{
			"from": [8.25, 0, 7.25],
			"to": [9.75, 4, 8.75],
			"faces": {
				"north": {"uv": [7, 11, 9, 16], "texture": "#cross"},
				"east": {"uv": [7, 11, 9, 16], "texture": "#cross"},
				"south": {"uv": [7, 11, 9, 16], "texture": "#cross"},
				"west": {"uv": [7, 11, 9, 16], "texture": "#cross"}
			}
		}
	],
	"groups": [
		{
			"name": "group",
			"origin": [0, 0, 0],
			"color": 0,
			"nbt": "{}",
			"armAnimationEnabled": false,
			"children": [0, 1]
		}
	]
}