{
	"credit": "Made with Blockbench",
	"textures": {
		"0": "block/brown_mushroom2",
                                "particle": "block/088"
	},
	"elements": [
		{
			"from": [5, 0, 4.5],
			"to": [6.5, 5, 6],
			"rotation": {"angle": 0, "axis": "y", "origin": [5.75, 3.5, 5.25]},
			"faces": {
				"north": {"uv": [7, 11, 9, 15], "texture": "#0"},
				"east": {"uv": [7, 11, 9, 15], "texture": "#0"},
				"south": {"uv": [7, 11, 9, 15], "texture": "#0"},
				"west": {"uv": [7, 11, 9, 15], "texture": "#0"}
			}
		},
		{
			"from": [1.75, 5, 1.25],
			"to": [9.75, 7, 9.25],
			"rotation": {"angle": 0, "axis": "y", "origin": [5.75, 3.5, 5.25]},
			"faces": {
				"north": {"uv": [4, 8, 12, 10], "texture": "#0"},
				"east": {"uv": [4, 8, 12, 10], "texture": "#0"},
				"south": {"uv": [4, 8, 12, 10], "texture": "#0"},
				"west": {"uv": [4, 8, 12, 10], "texture": "#0"},
				"up": {"uv": [0, 0, 8, 8], "rotation": 270, "texture": "#0"},
				"down": {"uv": [7, 14, 9, 16], "rotation": 90, "texture": "#0"}
			}
		},
		{
			"from": [10, 3.5, 9.75],
			"to": [14.5, 5, 14.25],
			"rotation": {"angle": 0, "axis": "y", "origin": [12.75, 3.5, 12]},
			"faces": {
				"north": {"uv": [9, 2, 14, 4], "texture": "#0"},
				"east": {"uv": [9, 2, 14, 4], "texture": "#0"},
				"south": {"uv": [14, 4, 9, 2], "texture": "#0"},
				"west": {"uv": [9, 2, 14, 4], "texture": "#0"},
				"up": {"uv": [11, 11, 16, 16], "rotation": 270, "texture": "#0"},
				"down": {"uv": [7, 14, 9, 16], "rotation": 90, "texture": "#0"}
			}
		},
		{
			"from": [11.5, 0, 11.45],
			"to": [12.5, 3.5, 12.45],
			"rotation": {"angle": 0, "axis": "y", "origin": [12.75, 3.5, 12]},
			"faces": {
				"north": {"uv": [7, 11, 9, 15], "texture": "#0"},
				"east": {"uv": [7, 11, 9, 15], "texture": "#0"},
				"south": {"uv": [7, 11, 9, 15], "texture": "#0"},
				"west": {"uv": [7, 11, 9, 15], "texture": "#0"}
			}
		}
	],
	"groups": [
		{
			"name": "group",
			"origin": [0, 0, 0],
			"color": 0,
			"nbt": "{}",
			"armAnimationEnabled": false,
			"children": []
		},
		0,
		1,
		2,
		3
	]
}