{
	"credit": "Made by YSBB with Blockbench",
	"parent": "minecraft:block/crop",
	"textures": {
		"crop": "block/carrots_stage0",
		"particle": "block/027"
	},
	"elements": [
		{
			"from": [1.75, -1, 3.5],
			"to": [8.75, 5, 3.5],
			"shade": false,
			"rotation": {"angle": 45, "axis": "y", "origin": [4.75, 2.5, 3.5]},
			"faces": {
				"north": {"uv": [4, 2, 12, 9], "texture": "#crop"},
				"south": {"uv": [4, 2, 12, 9], "texture": "#crop"}
			}
		},
		{
			"from": [5.25, -1, 0],
			"to": [5.25, 5, 7],
			"shade": false,
			"rotation": {"angle": 45, "axis": "y", "origin": [4.75, 2.5, 3.5]},
			"faces": {
				"east": {"uv": [4, 2, 12, 9], "texture": "#crop"},
				"west": {"uv": [4, 2, 12, 9], "texture": "#crop"}
			}
		},
		{
			"from": [0, -1, 10.75],
			"to": [7, 5, 10.75],
			"shade": false,
			"rotation": {"angle": 45, "axis": "y", "origin": [3.5, 2.5, 10.75]},
			"faces": {
				"north": {"uv": [4, 2, 12, 9], "texture": "#crop"},
				"south": {"uv": [4, 2, 12, 9], "texture": "#crop"}
			}
		},
		{
			"from": [3.5, -1, 7.25],
			"to": [3.5, 5, 14.25],
			"shade": false,
			"rotation": {"angle": 45, "axis": "y", "origin": [3.5, 2.5, 10.75]},
			"faces": {
				"east": {"uv": [4, 2, 12, 9], "texture": "#crop"},
				"west": {"uv": [4, 2, 12, 9], "texture": "#crop"}
			}
		},
		{
			"from": [7.25, -1, 12.5],
			"to": [14.25, 5, 12.5],
			"shade": false,
			"rotation": {"angle": 45, "axis": "y", "origin": [10.75, 2.5, 12.5]},
			"faces": {
				"north": {"uv": [4, 2, 12, 9], "texture": "#crop"},
				"south": {"uv": [4, 2, 12, 9], "texture": "#crop"}
			}
		},
		{
			"from": [10.75, -1, 9],
			"to": [10.75, 5, 16],
			"shade": false,
			"rotation": {"angle": 45, "axis": "y", "origin": [10.75, 2.5, 12.5]},
			"faces": {
				"east": {"uv": [4, 2, 12, 9], "texture": "#crop"},
				"west": {"uv": [4, 2, 12, 9], "texture": "#crop"}
			}
		},
		{
			"from": [8.5, -1, 5.5],
			"to": [15.5, 5, 5.5],
			"shade": false,
			"rotation": {"angle": 45, "axis": "y", "origin": [11.5, 2.5, 5]},
			"faces": {
				"north": {"uv": [4, 2, 12, 9], "texture": "#crop"},
				"south": {"uv": [4, 2, 12, 9], "texture": "#crop"}
			}
		},
		{
			"from": [11.75, -1, 2],
			"to": [11.75, 5, 9],
			"shade": false,
			"rotation": {"angle": 45, "axis": "y", "origin": [11.5, 2.5, 5]},
			"faces": {
				"east": {"uv": [4, 2, 12, 9], "texture": "#crop"},
				"west": {"uv": [4, 2, 12, 9], "texture": "#crop"}
			}
		}
	],
	"groups": [
		{
			"name": "group",
			"origin": [8, 8, 8],
			"color": 0,
			"children": [0, 1]
		},
		{
			"name": "group",
			"origin": [8, 8, 8],
			"color": 0,
			"children": [2, 3]
		},
		{
			"name": "group",
			"origin": [8, 8, 8],
			"color": 0,
			"children": [4, 5]
		},
		{
			"name": "group",
			"origin": [8, 8, 8],
			"color": 0,
			"children": [6, 7]
		}
	]
}