{
	"credit": "Made with Blockbench",
	"parent": "block/block",
	"textures": {
		"all": "block/chain2",
		"particle": "block/007"
	},
	"elements": [
		{
			"from": [6.5, 1, 7.75],
			"to": [9.5, 2, 8.25],
			"rotation": {"angle": 45, "axis": "y", "origin": [8, 8, 8]},
			"faces": {
				"north": {"uv": [0, 14, 3, 15], "texture": "#all"},
				"east": {"uv": [0, 14, 1, 15], "texture": "#all"},
				"south": {"uv": [0, 14, 3, 15], "texture": "#all"},
				"west": {"uv": [0, 14, 1, 15], "texture": "#all"},
				"up": {"uv": [0, 14, 3, 15], "texture": "#all"},
				"down": {"uv": [0, 14, 3, 15], "texture": "#all"}
			}
		},
		{
			"name": "D",
			"from": [6.5, 2, 7.75],
			"to": [7.5, 4, 8.25],
			"rotation": {"angle": 45, "axis": "y", "origin": [8, 8, 8]},
			"faces": {
				"north": {"uv": [0, 12, 1, 14], "texture": "#all"},
				"east": {"uv": [0, 12, 1, 14], "texture": "#all"},
				"south": {"uv": [0, 12, 1, 14], "texture": "#all"},
				"west": {"uv": [0, 12, 1, 14], "texture": "#all"},
				"up": {"uv": [0, 12, 1, 13], "texture": "#all"}
			}
		},
		{
			"name": "D",
			"from": [8.5, 2, 7.75],
			"to": [9.5, 4, 8.25],
			"rotation": {"angle": 45, "axis": "y", "origin": [8, 8, 8]},
			"faces": {
				"north": {"uv": [0, 12, 1, 14], "texture": "#all"},
				"east": {"uv": [2, 12, 3, 14], "texture": "#all"},
				"south": {"uv": [2, 12, 3, 14], "texture": "#all"},
				"west": {"uv": [2, 12, 3, 14], "texture": "#all"},
				"up": {"uv": [2, 12, 3, 13], "texture": "#all"}
			}
		},
		{
			"from": [7.75, 3, 6.5],
			"to": [8.25, 4, 9.5],
			"rotation": {"angle": 45, "axis": "y", "origin": [8, 8, 8]},
			"faces": {
				"north": {"uv": [3, 12, 4, 13], "texture": "#all"},
				"east": {"uv": [3, 12, 6, 13], "texture": "#all"},
				"south": {"uv": [3, 12, 4, 13], "texture": "#all"},
				"west": {"uv": [3, 12, 6, 13], "texture": "#all"},
				"up": {"uv": [3, 12, 6, 13], "rotation": 90, "texture": "#all"},
				"down": {"uv": [3, 12, 6, 13], "rotation": 90, "texture": "#all"}
			}
		},
		{
			"name": "D",
			"from": [7.75, 4, 6.5],
			"to": [8.25, 7, 7.5],
			"rotation": {"angle": 45, "axis": "y", "origin": [8, 8, 8]},
			"faces": {
				"north": {"uv": [0, 6, 1, 9], "texture": "#all"},
				"east": {"uv": [0, 6, 1, 9], "texture": "#all"},
				"south": {"uv": [3, 9, 4, 12], "texture": "#all"},
				"west": {"uv": [3, 9, 4, 12], "texture": "#all"},
				"up": {"uv": [3, 9, 4, 10], "texture": "#all"}
			}
		},
		{
			"from": [6.5, 6, 7.75],
			"to": [9.5, 7, 8.25],
			"rotation": {"angle": 45, "axis": "y", "origin": [8, 8, 8]},
			"faces": {
				"north": {"uv": [0, 9, 3, 10], "texture": "#all"},
				"east": {"uv": [0, 9, 1, 10], "texture": "#all"},
				"south": {"uv": [0, 9, 3, 10], "texture": "#all"},
				"west": {"uv": [0, 9, 1, 10], "texture": "#all"},
				"up": {"uv": [0, 9, 3, 10], "texture": "#all"},
				"down": {"uv": [0, 9, 3, 10], "texture": "#all"}
			}
		},
		{
			"name": "D",
			"from": [6.5, 7, 7.75],
			"to": [7.5, 10, 8.25],
			"rotation": {"angle": 45, "axis": "y", "origin": [8, 8, 8]},
			"faces": {
				"north": {"uv": [0, 6, 1, 9], "texture": "#all"},
				"east": {"uv": [0, 6, 1, 9], "texture": "#all"},
				"south": {"uv": [0, 6, 1, 9], "texture": "#all"},
				"west": {"uv": [0, 6, 1, 9], "texture": "#all"},
				"up": {"uv": [0, 6, 1, 7], "texture": "#all"}
			}
		},
		{
			"name": "D",
			"from": [8.5, 7, 7.75],
			"to": [9.5, 10, 8.25],
			"rotation": {"angle": 45, "axis": "y", "origin": [8, 8, 8]},
			"faces": {
				"north": {"uv": [0, 6, 1, 9], "texture": "#all"},
				"east": {"uv": [0, 6, 1, 9], "texture": "#all"},
				"south": {"uv": [2, 6, 3, 9], "texture": "#all"},
				"west": {"uv": [2, 6, 3, 9], "texture": "#all"},
				"up": {"uv": [2, 6, 3, 7], "texture": "#all"}
			}
		},
		{
			"from": [7.75, 9, 6.5],
			"to": [8.25, 10, 9.5],
			"rotation": {"angle": 45, "axis": "y", "origin": [8, 8, 8]},
			"faces": {
				"north": {"uv": [3, 6, 4, 7], "texture": "#all"},
				"east": {"uv": [3, 6, 6, 7], "texture": "#all"},
				"south": {"uv": [3, 6, 4, 7], "texture": "#all"},
				"west": {"uv": [3, 6, 6, 7], "texture": "#all"},
				"up": {"uv": [3, 6, 6, 7], "rotation": 90, "texture": "#all"},
				"down": {"uv": [3, 6, 6, 7], "rotation": 90, "texture": "#all"}
			}
		},
		{
			"name": "D",
			"from": [7.75, 10, 6.5],
			"to": [8.25, 13, 7.5],
			"rotation": {"angle": 45, "axis": "y", "origin": [8, 8, 8]},
			"faces": {
				"north": {"uv": [3, 3, 4, 6], "texture": "#all"},
				"east": {"uv": [3, 3, 4, 6], "texture": "#all"},
				"south": {"uv": [3, 3, 4, 6], "texture": "#all"},
				"west": {"uv": [3, 3, 4, 6], "texture": "#all"},
				"up": {"uv": [3, 3, 4, 4], "texture": "#all"}
			}
		},
		{
			"name": "D",
			"from": [7.75, 10, 8.5],
			"to": [8.25, 13, 9.5],
			"rotation": {"angle": 45, "axis": "y", "origin": [8, 8, 8]},
			"faces": {
				"north": {"uv": [5, 3, 6, 6], "texture": "#all"},
				"east": {"uv": [5, 3, 6, 6], "texture": "#all"},
				"south": {"uv": [5, 3, 6, 6], "texture": "#all"},
				"west": {"uv": [5, 3, 6, 6], "texture": "#all"},
				"up": {"uv": [5, 3, 6, 4], "texture": "#all"}
			}
		},
		{
			"from": [6.5, 12, 7.75],
			"to": [9.5, 13, 8.25],
			"rotation": {"angle": 45, "axis": "y", "origin": [8, 8, 8]},
			"faces": {
				"north": {"uv": [0, 3, 3, 4], "texture": "#all"},
				"east": {"uv": [0, 3, 1, 4], "texture": "#all"},
				"south": {"uv": [0, 3, 3, 4], "texture": "#all"},
				"west": {"uv": [3, 5, 4, 6], "texture": "#all"},
				"up": {"uv": [0, 3, 3, 4], "texture": "#all"},
				"down": {"uv": [0, 3, 3, 4], "texture": "#all"}
			}
		},
		{
			"name": "D",
			"from": [8.5, 13, 7.75],
			"to": [9.5, 15, 8.25],
			"rotation": {"angle": 45, "axis": "y", "origin": [8, 8, 8]},
			"faces": {
				"north": {"uv": [2, 1, 3, 3], "texture": "#all"},
				"east": {"uv": [2, 1, 3, 3], "texture": "#all"},
				"south": {"uv": [2, 1, 3, 3], "texture": "#all"},
				"west": {"uv": [2, 1, 3, 3], "texture": "#all"},
				"up": {"uv": [2, 1, 3, 2], "texture": "#all"}
			}
		},
		{
			"name": "D",
			"from": [6.5, 13, 7.75],
			"to": [7.5, 15, 8.25],
			"rotation": {"angle": 45, "axis": "y", "origin": [8, 8, 8]},
			"faces": {
				"north": {"uv": [0, 1, 1, 3], "texture": "#all"},
				"east": {"uv": [0, 1, 1, 3], "texture": "#all"},
				"south": {"uv": [0, 1, 1, 3], "texture": "#all"},
				"west": {"uv": [0, 1, 1, 3], "texture": "#all"},
				"up": {"uv": [0, 1, 1, 2], "texture": "#all"},
				"down": {"uv": [3, 1, 4, 2], "texture": "#all"}
			}
		},
		{
			"from": [7.75, 14, 6.5],
			"to": [8.25, 15, 9.5],
			"rotation": {"angle": 45, "axis": "y", "origin": [8, 8, 8]},
			"faces": {
				"north": {"uv": [3, 1, 4, 2], "texture": "#all"},
				"east": {"uv": [2, 1, 5, 2], "texture": "#all"},
				"south": {"uv": [5, 1, 6, 2], "texture": "#all"},
				"west": {"uv": [3, 1, 6, 2], "texture": "#all"},
				"up": {"uv": [3, 1, 6, 2], "rotation": 90, "texture": "#all"},
				"down": {"uv": [3, 1, 6, 2], "rotation": 90, "texture": "#all"}
			}
		},
		{
			"name": "D",
			"from": [7.75, 15, 6.5],
			"to": [8.25, 16, 7.5],
			"rotation": {"angle": 45, "axis": "y", "origin": [8, 8, 8]},
			"faces": {
				"north": {"uv": [3, 0, 4, 1], "texture": "#all"},
				"east": {"uv": [3, 0, 4, 1], "texture": "#all"},
				"south": {"uv": [3, 0, 4, 1], "texture": "#all"},
				"west": {"uv": [3, 0, 4, 1], "texture": "#all"},
				"up": {"uv": [3, 0, 4, 1], "texture": "#all"}
			}
		},
		{
			"name": "D",
			"from": [7.5, 3, 7.75],
			"to": [8.5, 4, 8.25],
			"rotation": {"angle": 45, "axis": "y", "origin": [8, 8, 8]},
			"faces": {
				"north": {"uv": [3, 1, 4, 2], "texture": "#all"},
				"south": {"uv": [3, 1, 4, 2], "texture": "#all"},
				"up": {"uv": [3, 1, 4, 2], "texture": "#all"},
				"down": {"uv": [3, 1, 4, 2], "texture": "#all"}
			}
		},
		{
			"name": "D",
			"from": [7.5, 9, 7.75],
			"to": [8.5, 10, 8.25],
			"rotation": {"angle": 45, "axis": "y", "origin": [8, 8, 8]},
			"faces": {
				"north": {"uv": [3, 1, 4, 2], "texture": "#all"},
				"south": {"uv": [3, 1, 4, 2], "texture": "#all"},
				"up": {"uv": [3, 1, 4, 2], "texture": "#all"},
				"down": {"uv": [3, 1, 4, 2], "texture": "#all"}
			}
		},
		{
			"name": "D",
			"from": [7.5, 14, 7.75],
			"to": [8.5, 15, 8.25],
			"rotation": {"angle": 45, "axis": "y", "origin": [8, 8, 8]},
			"faces": {
				"north": {"uv": [3, 1, 4, 2], "texture": "#all"},
				"south": {"uv": [3, 1, 4, 2], "texture": "#all"},
				"up": {"uv": [3, 1, 4, 2], "texture": "#all"},
				"down": {"uv": [3, 1, 4, 2], "texture": "#all"}
			}
		},
		{
			"name": "D",
			"from": [7.75, 1, 7.5],
			"to": [8.25, 2, 8.5],
			"rotation": {"angle": 45, "axis": "y", "origin": [8, 8, 8]},
			"faces": {
				"east": {"uv": [3, 1, 4, 2], "texture": "#all"},
				"west": {"uv": [3, 1, 4, 2], "texture": "#all"},
				"up": {"uv": [3, 1, 4, 2], "texture": "#all"},
				"down": {"uv": [3, 1, 4, 2], "texture": "#all"}
			}
		},
		{
			"name": "D",
			"from": [7.75, 6, 7.5],
			"to": [8.25, 7, 8.5],
			"rotation": {"angle": 45, "axis": "y", "origin": [8, 8, 8]},
			"faces": {
				"east": {"uv": [3, 1, 4, 2], "texture": "#all"},
				"west": {"uv": [3, 1, 4, 2], "texture": "#all"},
				"up": {"uv": [3, 1, 4, 2], "texture": "#all"},
				"down": {"uv": [3, 1, 4, 2], "texture": "#all"}
			}
		},
		{
			"name": "D",
			"from": [7.75, 12, 7.5],
			"to": [8.25, 13, 8.5],
			"rotation": {"angle": 45, "axis": "y", "origin": [8, 8, 8]},
			"faces": {
				"east": {"uv": [3, 1, 4, 2], "texture": "#all"},
				"west": {"uv": [3, 1, 4, 2], "texture": "#all"},
				"up": {"uv": [3, 1, 4, 2], "texture": "#all"},
				"down": {"uv": [3, 1, 4, 2], "texture": "#all"}
			}
		},
		{
			"name": "D",
			"from": [7.75, 15, 8.5],
			"to": [8.25, 16, 9.5],
			"rotation": {"angle": 45, "axis": "y", "origin": [8, 8, 8]},
			"faces": {
				"north": {"uv": [5, 0, 6, 1], "texture": "#all"},
				"east": {"uv": [5, 0, 6, 1], "texture": "#all"},
				"south": {"uv": [5, 0, 6, 1], "texture": "#all"},
				"west": {"uv": [5, 0, 6, 1], "texture": "#all"},
				"up": {"uv": [5, 0, 6, 1], "texture": "#all"}
			}
		},
		{
			"name": "D",
			"from": [7.75, 4, 8.5],
			"to": [8.25, 7, 9.5],
			"rotation": {"angle": 45, "axis": "y", "origin": [8, 8, 8]},
			"faces": {
				"north": {"uv": [5, 9, 6, 12], "texture": "#all"},
				"east": {"uv": [3, 9, 4, 12], "texture": "#all"},
				"south": {"uv": [3, 9, 4, 12], "texture": "#all"},
				"west": {"uv": [5, 9, 6, 12], "texture": "#all"},
				"up": {"uv": [5, 9, 6, 10], "texture": "#all"}
			}
		},
		{
			"from": [7.75, 0, 8.5],
			"to": [8.25, 2, 9.5],
			"rotation": {"angle": 45, "axis": "y", "origin": [8, 8, 8]},
			"faces": {
				"north": {"uv": [5, 14, 6, 16], "texture": "#all"},
				"east": {"uv": [5, 14, 6, 16], "texture": "#all"},
				"south": {"uv": [5, 14, 6, 16], "texture": "#all"},
				"west": {"uv": [5, 14, 6, 16], "texture": "#all"},
				"up": {"uv": [5, 14, 6, 15], "texture": "#all"},
				"down": {"uv": [5, 14, 6, 15], "texture": "#all", "cullface": "down"}
			}
		},
		{
			"from": [7.75, 0, 6.5],
			"to": [8.25, 2, 7.5],
			"rotation": {"angle": 45, "axis": "y", "origin": [8, 8, 8]},
			"faces": {
				"north": {"uv": [3, 14, 4, 16], "texture": "#all"},
				"east": {"uv": [3, 14, 4, 16], "texture": "#all"},
				"south": {"uv": [3, 14, 4, 16], "texture": "#all"},
				"west": {"uv": [3, 14, 4, 16], "texture": "#all"},
				"up": {"uv": [3, 14, 4, 15], "texture": "#all"},
				"down": {"uv": [3, 14, 4, 15], "texture": "#all", "cullface": "down"}
			}
		}
	]
}