{
	"credit": "Made by YSBB with Blockbench",
	"textures": {
		"0": "block/cherry_leaves2",
		"1": "block/cherry_leaves3",
		"particle": "block/c1"
	},
	"elements": [
		{
			"from": [0, 0, 0],
			"to": [16, 16, 16],
			"faces": {
				"north": {"uv": [0, 0, 16, 16], "texture": "#0"},
				"east": {"uv": [0, 0, 16, 16], "texture": "#0"},
				"south": {"uv": [0, 0, 16, 16], "texture": "#0"},
				"west": {"uv": [0, 0, 16, 16], "texture": "#0"},
				"up": {"uv": [0, 0, 16, 16], "texture": "#0"},
				"down": {"uv": [0, 0, 16, 16], "texture": "#0"}
			}
		},
		{
			"from": [-5, -4, 8],
			"to": [20, 20, 8],
			"shade": false,
			"rotation": {"angle": 22.5, "axis": "y", "origin": [8, 8, 8]},
			"faces": {
				"north": {"uv": [1.5, 2, 14, 14], "texture": "#1"},
				"south": {"uv": [1.5, 2, 14, 14], "texture": "#1"}
			}
		},
		{
			"from": [8, -4, -4.5],
			"to": [8, 20, 20.5],
			"shade": false,
			"rotation": {"angle": 22.5, "axis": "y", "origin": [8, 8, 8]},
			"faces": {
				"east": {"uv": [1.5, 2, 14, 14], "texture": "#1"},
				"west": {"uv": [1.5, 2, 14, 14], "texture": "#1"}
			}
		}
	]
}