{
  "name": "使用矩阵进行合成",
  "icon": "bloodmagic:divinationsigil",
  "category": "alchemyarray",
  "pages": [
    {
      "type": "text",
      "text": "$(1)合成炼金矩阵$()时矩阵最简单的形式之一。这种矩阵可以将$(item)基底物$()刻入$(item)催化剂$()中，将它们一并转化为一些有用的物品（这一过程伴随着一段较短但精致的动画）。"
    },
    {
      "type": "text",
      "text": "其中的一些产物仅需$(l:sigil/divination)一些较易获得的原料$(/l)即可制作，但其它的那些产物则需要额外的步骤才能进行制作。"
    }
  ]
}  
