{
    "name": "新法术构件",
    "icon": "ars_nouveau:blank_glyph",
	"sortnum":4,
    "category": "getting_started",
    "pages": [
        {
            "type": "text",
            "text": "获得新的法术构件需要一些步骤、资源和基础设施。新构件可通过获得一种叫魔符的物品学习。在魔符压印器中，使用魔法粘土、一种试剂和世界中的魔力可以制造魔符。获得魔符之后，在物品栏里有法术书的情况下使用魔符，魔符就会写到你的书上。"       
        },
		{
            "type": "relations",
            "entries":["machines/glyph_press", "getting_started/world_mana"],
			"text":"要学习制造新魔符的知识，请参阅魔符压器机条目。"
        }
    ]
}
