{
    "name": "使用装置的合成",
    "icon": "ars_nouveau:enchanting_apparatus",
	"sortnum":6,
    "category": "getting_started",
    "pages": [
        {
            "type": "text",
            "text": "附魔装置可用于合成特殊机器、饰品和装备，而这些物品可用于进一步探索新生魔艺。使用附魔装置进行的合成，最多需要 8 个奥术基座、一个奥术核心和附魔装置方块本身。一旦你摆放好了你的装置，你就能合成你的第一个魔力之花种子。"       
        },
		{
            "type": "relations",
            "entries":["machines/enchanting_apparatus", "apparatus/mana_bloom_crop"]        
        }
    ]
}
