{
    "name": "世界生成",
    "icon": "ars_nouveau:mana_gem",
	"sortnum":8,
    "category": "getting_started",
    "pages": [
        {
            "type": "text",
            "text": "新生魔艺会在世界中生成多种资源，它们都有自身的魔法属性。在地下，你可以发现带有魔力的宝石，但这些宝石也可以用结晶器来可再生地生产。至高木有几种装饰性的变体，而且可以用于合成施法法杖。魔源浆果丛可以在针叶林群系找到，它们是魔力再生药水必不可少的原料。"       
        },
		{
            "type": "relations",
            "entries":["machines/crystallizer", "resources/archwood","resources/mana_berry"]        
        }
    ]
}
