{
    "name": "世界中的魔力",
    "icon": "ars_nouveau:mana_jar",
	"sortnum":5,
    "category": "getting_started",
    "pages": [
        {
            "type": "text",
            "text": "世界中的魔力是一种特殊形态的魔力，必须使用世界中的设备进行收集。世界中的魔力可用于给魔符压印器和附魔装置之类的设备供能。你需要魔力罐和魔力收集设备来收集世界中的魔力。"       
        },
		{
            "type": "relations",
            "entries":["machines/mana_jar","machines/volcanic_accumulator","machines/mana_condenser"]        
        }
    ]
}
