{
    "providers": [
        {
            "type": "bitmap",
            "file": "minecraft:font/lianyaotai.png",
            "height": 233,
            "ascent": 13,
            "chars": [
                "\ud83e\uddca"
            ]
        },
        {
            "type": "bitmap",
            "file": "minecraft:font/shaolian.png",
            "height": 233,
            "ascent": 13,
            "chars": [
                "\ud83c\udf66"
            ]
        },
        {
            "type": "bitmap",
            "file": "minecraft:font/tiezhen.png",
            "height": 69,
            "ascent": 40,
            "chars": [
                "\ud83e\uddea"
            ]
        }
    ]    
}